Battery Capacity (kWh),Energy Consumed (kWh),Charging Duration (hours),Charging Rate (kW),State of Charge (Start %),State of Charge (End %),Distance Driven (since last charge) (km),Temperature (°C),Vehicle Age (years),Energy_per_min,SOC_delta (%),Energy_per_min (kW),Vehicle Model_BMW i3,Vehicle Model_Chevy Bolt,Vehicle Model_Hyundai Kona,Vehicle Model_Nissan Leaf,Vehicle Model_Tesla Model 3,Charger Type_DC Fast Charger,Charger Type_Level 1,Charger Type_Level 2,User Type_Casual Driver,User Type_Commuter,User Type_Long-Distance Traveler
108.46300741284072,60.71234573492677,0.5913634253585007,36.3891805669814,29.371575979140047,86.11996244457839,293.6021106383279,27.947953055800944,2.0,1.711083887715953,56.748386465438344,1.711083887715953,True,False,False,False,False,True,False,False,False,True,False
100.0,12.339275203733752,3.133652052688084,30.67773493971444,10.115777641679946,84.66434362786444,112.11280368218186,14.311025660377789,3.0,0.06562776698596225,74.5485659861845,0.06562776698596225,False,False,True,False,False,False,True,False,True,False,False
75.0,19.12887570011548,2.4526527258367823,27.51359255877324,6.854604444398554,69.91761524016282,71.79925292594801,21.00200183614421,2.0,0.1299876626003599,63.063010795764264,0.1299876626003599,False,True,False,False,False,False,False,True,False,True,False
50.0,19.62910416772725,2.0197650865894614,10.215712071204608,54.25894969116981,63.743786036169695,203.66184655799864,-7.834199027249213,1.0,0.16197514171373759,9.484836344999884,0.16197514171373759,False,False,True,False,False,False,True,False,False,False,True
85.0,36.862139988267536,3.5396190263161467,26.18518786003352,60.75178075976676,70.79609690147149,81.33800890802773,27.5513346806664,4.0,0.17356924438386878,10.044316141704726,0.17356924438386878,False,True,False,False,False,False,False,True,False,True,False
75.0,51.46761685839947,2.6553964456130235,26.7029077655282,56.201703032995454,63.786815331776616,116.54316578116932,-4.41745966595273,0.0,0.32303787094534125,7.585112298781162,0.32303787094534125,False,True,False,False,False,False,False,True,False,False,True
62.0,43.59237228216989,1.724203599132774,14.294922926661108,33.46620026326066,92.96142090358896,208.25974249443672,22.51670642679634,4.0,0.4213768828702097,59.4952206403283,0.4213768828702097,False,True,False,False,False,False,True,False,False,True,False
50.0,18.20619747737872,2.6486354477276968,10.310701112892176,76.08656557040186,82.2655816267944,64.63464374887128,0.5004335643954789,3.0,0.11456337824191752,6.179016056392541,0.11456337824191752,True,False,False,False,False,True,False,False,True,False,False
85.0,22.564929484106763,2.0578886215204486,4.46482262892762,14.618902372078484,85.85749415419053,194.76380668173772,34.26261127319235,0.0,0.1827514638720252,71.23859178211205,0.1827514638720252,False,True,False,False,False,True,False,False,False,False,True
100.0,34.256452908516025,3.0655847520228034,5.523688619042968,19.20544694977322,51.62648272929986,249.12759651542487,23.662965362338845,0.0,0.1862420803834796,32.42103577952664,0.1862420803834796,False,False,True,False,False,False,False,True,True,False,False
75.0,16.56106432522506,3.5909657181461028,19.76909871755716,25.775415389763285,69.2012290988145,159.2316102189639,34.11034863859677,7.0,0.07686448727676795,43.42581370905121,0.07686448727676795,False,False,False,True,False,False,False,True,False,True,False
100.0,27.354317884610715,2.703286127534274,11.112498841670842,10.677153729384765,72.40347015226732,247.6594369214761,-8.30213689912669,1.5352340877952697,0.16864855459924488,61.726316422882554,0.16864855459924488,False,False,False,True,False,True,False,False,False,False,True
97.681812229825,24.726937680708804,3.4586802787724484,49.40273861566977,67.59197091077596,89.94222936485875,237.3064209427689,4.41532961880046,7.0,0.11915401100852291,22.35025845408279,0.11915401100852291,True,False,False,False,False,True,False,False,False,True,False
50.0,23.824040473705303,0.8482182678183041,6.614280124746195,57.59519511951953,74.96195034708379,22.00682916343814,18.40570905025936,6.0,0.4681192993517054,17.366755227564255,0.4681192993517054,False,False,True,False,False,False,False,True,True,False,False
75.0,49.19642958971384,2.5628173042684104,19.194882837079632,49.02423910950519,64.48187393759193,298.18812231836336,39.95893731677202,4.257936702758294,0.3199371612624412,15.45763482808674,0.3199371612624412,True,False,False,False,False,True,False,False,False,False,True
100.0,68.44712632026376,2.0714292092234388,49.71030696901287,19.23313912730544,74.00615088095063,280.91546822652094,3.580839953900103,5.0,0.5507238353072821,54.77301175364519,0.5507238353072821,False,False,False,False,True,True,False,False,False,True,False
75.0,56.59325685914933,3.153257254972797,45.81173100244055,29.207671702279008,85.00810624066354,186.15573210131024,12.333415373869066,0.0,0.2991259105691413,55.80043453838453,0.2991259105691413,True,False,False,False,False,True,False,False,True,False,False
100.0,16.136238725396332,1.306927271746284,21.517815048554308,23.603991432132744,88.2000728013921,35.50388319357353,39.38401391534167,1.0,0.2057783305191814,64.59608136925935,0.2057783305191814,True,False,False,False,False,False,False,True,True,False,False
62.0,60.06708508895625,0.9991001884039166,7.651570046980447,22.881466625938916,51.43427868199236,46.35755886056615,13.991597483206988,1.0,1.0020197137738953,28.552812056053444,1.0020197137738953,False,False,False,False,True,False,False,True,True,False,False
75.0,57.72437946101146,1.8735815970397776,4.48564710517362,41.87247964240577,79.64797277486439,157.61465400806637,28.429807376567297,1.8091728675018728,0.5134940439940883,37.775493132458614,0.5134940439940883,False,True,False,False,False,True,False,False,False,False,True
75.0,37.37451606078376,2.8916769844807484,18.865801960923783,24.49220858439769,73.38017572592224,76.20353921863803,59.931973865971024,4.0,0.21541430953599988,48.887967141524555,0.21541430953599988,False,False,True,False,False,False,True,False,False,True,False
75.0,73.38661952275571,1.0404523051899732,38.45083190087793,49.27538752823665,94.59708190417813,42.09574394400221,33.92957037271362,6.0,1.1755563607078918,45.321694375941476,1.1755563607078918,False,False,True,False,False,True,False,False,False,False,True
100.0,68.17785003637414,3.2424460582484915,23.31161908295264,17.040420024456118,56.07865100803714,130.37601376208403,-3.191455365646359,2.0,0.3504445348336935,39.03823098358102,0.3504445348336935,False,False,False,True,False,False,False,True,False,False,True
100.0,39.398742356080696,2.3977153605176023,20.46036486895017,28.252298260726327,96.287092238838,111.01653950164392,19.78108389153856,2.941663235080507,0.2738630768052994,68.03479397811168,0.2738630768052994,False,False,False,False,True,False,False,True,False,True,False
85.0,12.049319706245154,1.373881357931789,29.468944357780007,36.636852158024986,66.97610432369274,83.24522142563875,39.41613092437325,4.0,0.14617127886966816,30.33925216566775,0.14617127886966816,True,False,False,False,False,False,True,False,False,True,False
62.0,46.80719594482398,3.877992452581901,16.91833198373123,49.29876550655081,90.97067522699976,210.17109719106028,-0.0390790306437483,1.0,0.20116592333601435,41.67190972044895,0.20116592333601435,False,False,False,False,True,True,False,False,False,True,False
75.0,67.47546614008147,2.1051170788531968,49.60079964847686,63.035941874368895,81.75095350359373,97.4539049287794,3.194124642496231,5.0,0.5342178416733637,18.71501162922484,0.5342178416733637,False,False,False,True,False,False,True,False,False,True,False
62.0,30.710934027103814,1.6336686079712066,6.35266144526304,76.12005335845825,76.68243090588436,18.93451548845076,27.895176779200867,0.0,0.3133125640991392,0.5623775474261095,0.3133125640991392,False,False,True,False,False,False,False,True,False,True,False
100.0,8.713190575944605,2.2095428234972503,49.2753455894196,27.196196012553663,86.89391764029943,170.47505412270155,5.37807958403098,6.0,0.06572393229408292,59.69772162774577,0.06572393229408292,True,False,False,False,False,False,False,True,False,False,True
85.0,9.06588081544948,0.5123781829612861,40.17800199145749,13.873858113381532,93.62842306259267,226.2193631647091,30.69198380180764,2.6163324827383008,0.29489548660630854,79.75456494921114,0.29489548660630854,True,False,False,False,False,True,False,False,True,False,False
100.0,17.769436409407696,3.3140797633169585,34.45824193725993,27.69749248619649,70.51026724863107,166.3114629994677,19.703359179359488,4.0,0.08936335110827681,42.81277476243457,0.08936335110827681,False,True,False,False,False,True,False,False,True,False,False
76.87610037599295,50.26893407436542,1.6783584198879236,36.303372348344666,13.48827068689701,82.69521185847714,133.99209364319893,3.0428293410416227,0.0,0.49918751440591425,69.20694117158013,0.49918751440591425,False,False,False,False,True,True,False,False,True,False,False
100.0,71.28000416235402,2.413754936898993,40.61639923013172,26.156597950855197,89.92458852765273,140.46521317115082,33.05773080632935,5.0,0.4921792395788192,63.76799057679753,0.4921792395788192,False,False,False,True,False,False,False,True,True,False,False
62.0,21.82768817738645,2.082100007126398,26.50712322152529,33.255985091753644,51.50113226723436,48.044387156223145,38.65644395728205,7.0,0.1747249419870714,18.245147175480717,0.1747249419870714,False,False,False,True,False,False,True,False,True,False,False
124.31591138552656,46.1951370011332,0.6505075790560018,47.87752355760527,53.00518532661712,59.90164627311141,25.02725725569419,6.17125670947679,1.0,1.183566456114426,6.896460946494294,1.183566456114426,False,False,True,False,False,False,False,True,False,True,False
100.0,37.06292777850246,1.6090994326029475,15.230062587672052,7.520444726979813,67.79787265012489,98.14598101957088,16.483705935041975,2.0,0.3838889321934557,60.277427923145076,0.3838889321934557,False,False,False,True,False,False,False,True,False,False,True
85.0,67.69516175123809,0.8575824648349768,32.97506874142168,22.48839981099202,86.77766611416524,81.28450037675881,-7.332648303750763,6.0,1.3156200623470957,64.28926630317322,1.3156200623470957,False,False,False,True,False,True,False,False,True,False,False
75.0,61.13047583037784,0.947277208902377,23.281804960483075,34.89904374917877,92.355661174546,58.85531551787028,7.662649708995332,1.0,1.0755471094044118,57.45661742536723,1.0755471094044118,False,False,True,False,False,True,False,False,False,False,True
85.0,22.88203842151127,1.5694707135750048,29.98922250219449,15.67448546968074,96.59770241767578,98.47402709278698,19.21316448676773,3.0,0.2429910311333518,80.92321694799503,0.2429910311333518,False,False,True,False,False,True,False,False,False,True,False
59.83272651224269,12.894887186031896,0.5815047780490367,40.88409889822898,31.54918220388392,97.46254098173988,183.1712811493433,28.637604322914584,2.0,0.3695838702390538,65.91335877785596,0.3695838702390538,False,False,False,True,False,False,True,False,False,False,True
85.0,69.16916705566726,2.285242161327478,5.557358509328086,41.089044871443264,74.39951852877809,276.57481915586186,20.014324466284243,4.0,0.5044627087827421,33.310473657334825,0.5044627087827421,False,False,True,False,False,False,True,False,True,False,False
75.0,31.218889683829406,3.340997592022919,30.02591267156402,39.51761676284298,71.27176463552543,242.48556290631956,39.83142977123109,3.0,0.15573636727729018,31.754147872682452,0.15573636727729018,True,False,False,False,False,False,False,True,False,True,False
100.0,30.651699818598622,1.0288186666188504,28.522353335495254,38.12132999285809,81.19721083979802,12.149516678078117,-4.932743443178868,1.0,0.4965517055811458,43.07588084693993,0.4965517055811458,True,False,False,False,False,True,False,False,True,False,False
75.0,59.9864767329939,3.729365399834844,23.417921150036506,88.09676846371462,96.1305685919979,281.763740323611,15.060622448535312,0.0,0.2680816989026713,8.033800128283275,0.2680816989026713,True,False,False,False,False,False,True,False,False,True,False
62.0,32.83295683246542,3.4086383448749484,44.492366139662046,26.654722048049937,63.71062691853387,279.8982720475401,5.803389498206,1.0,0.16053798961409987,37.05590487048393,0.16053798961409987,False,False,True,False,False,False,False,True,True,False,False
100.0,21.65616411567424,1.8944268875741128,32.95451081519971,78.43462826424621,97.7254403635819,170.55772537142218,10.401511433472187,3.0,0.19052520367083858,19.29081209933568,0.19052520367083858,False,False,False,False,True,False,True,False,True,False,False
62.0,41.01058174547109,3.3669557754635044,45.32010959769544,73.62283683904118,83.05427335844938,103.7883061403116,-4.572249344016912,3.0,0.20300524905580553,9.431436519408194,0.20300524905580553,False,False,False,False,True,False,False,True,False,True,False
75.0,27.84315247164263,2.543139660740745,17.00464384697846,47.99218334647701,85.86518688525221,79.354979042724,7.516861653406636,7.0,0.18247229924402908,37.8730035387752,0.18247229924402908,False,True,False,False,False,False,False,True,True,False,False
50.0,28.440773917754164,1.0796586545757096,42.42512683318396,13.667240803504384,96.3460346157945,398.3647747436511,27.813135549380647,0.0,0.439039595172343,82.67879381229011,0.439039595172343,False,True,False,False,False,False,False,True,False,False,True
75.0,71.61568949106118,3.5150120063589623,31.271844526976924,51.794505043999976,64.55436324971151,16.681445822961763,-1.7198500093383,3.0,0.33957062527573245,12.759858205711538,0.33957062527573245,False,True,False,False,False,False,False,True,True,False,False
85.0,7.930901450146639,2.3423957855284567,44.12212998806049,42.73907176379696,72.96602310099009,55.67750505100865,16.808358267905795,7.0,0.0564301266474301,30.226951337193128,0.0564301266474301,False,False,False,False,True,True,False,False,True,False,False
75.0,55.72920335411825,3.8290118099189465,21.723067323519977,63.40496814289373,68.34785563762274,74.05219273087201,34.66345577088492,0.0,0.24257435129760863,4.942887494729014,0.24257435129760863,False,False,True,False,False,False,False,True,True,False,False
100.0,74.15366015953305,4.123064395584728,31.277429485665618,12.95698801764483,52.98996709630494,91.38484095029033,35.79315361674979,0.0,0.29975140269836714,40.032979078660105,0.29975140269836714,False,False,False,False,True,True,False,False,False,False,True
62.0,41.264155052372864,3.6044547433316194,29.081690927779928,64.41936676135445,73.23718921497326,268.51527775257875,19.63653156666094,6.0,0.19080165143199143,8.817822453618803,0.19080165143199143,False,False,True,False,False,True,False,False,False,False,True
147.39535434081623,65.89318362199285,3.1462506357761653,24.832132237509622,27.38119597524401,64.70149352773214,74.92331106392334,13.419629558552458,6.0,0.34905665637228817,37.32029755248813,0.34905665637228817,True,False,False,False,False,False,True,False,False,False,True
50.0,13.262909019022482,3.069015227098616,47.67047064050836,24.998949637776327,90.02000106419143,220.6738557070498,31.873334471117047,3.0,0.07202586735268479,65.02105142641511,0.07202586735268479,False,True,False,False,False,True,False,False,False,True,False
100.0,36.13726899530781,2.4493464545125736,36.3770757935734,48.61219346503014,95.83119935657344,48.11698069126825,32.30733828974979,1.0,0.2458973557941685,47.2190058915433,0.2458973557941685,False,False,True,False,False,True,False,False,True,False,False
85.0,29.16952953646135,1.837402025783315,28.504564541418848,64.06837901017158,83.78854260869758,241.99817066158312,42.73966105258837,5.0,0.26459033939533816,19.720163598526,0.26459033939533816,False,True,False,False,False,True,False,False,False,False,True
100.0,26.8691096120868,2.463684938333577,12.051836628241116,28.17984729471636,54.56240134495012,289.5682377266553,7.791379352167198,3.0,0.18176776038484938,26.382554050233757,0.18176776038484938,False,False,True,False,False,False,True,False,False,False,True
85.0,17.933479173039434,2.7822095659811867,25.58416841581989,29.951321951186408,76.87588684727461,104.39786671394216,38.36358111720883,7.0,0.10742947734968657,46.92456489608821,0.10742947734968657,False,False,False,True,False,True,False,False,False,True,False
50.0,17.704737472368393,3.462571540834156,19.713679937800947,47.80623479100282,79.3715143442941,258.64567065665085,-9.34537521505764,7.0,0.08521959890010534,31.565279553291276,0.08521959890010534,False,False,False,False,True,True,False,False,False,True,False
85.0,71.18526462073517,1.4256525513794889,10.299799723961698,36.884083700047405,73.96777838001219,276.22249249798386,-4.808919737189906,6.0,0.8321951066297668,37.083694679964786,0.8321951066297668,False,False,False,True,False,False,True,False,False,True,False
50.0,7.515940355911836,3.4168695993661142,10.62138589036472,61.762801965366975,83.20780147452034,126.5918374849966,9.79124268086425,6.0,0.036660946212805266,21.444999509153362,0.036660946212805266,False,True,False,False,False,False,True,False,True,False,False
75.0,64.41904928508166,3.1900131034328947,24.621651183384863,49.17384524132495,62.34186035083323,230.49427175789185,25.32047569840328,2.0,0.33656627311738346,13.168015109508282,0.33656627311738346,False,False,False,False,True,False,True,False,False,False,True
93.27378066607174,15.660564019843829,3.14065016250783,7.702187849236843,30.88322666455972,51.48089291088871,202.14155176693652,29.539063440210768,2.0,0.0831068049051069,20.59766624632899,0.0831068049051069,False,False,True,False,False,True,False,False,False,False,True
100.0,47.52745876259207,3.80489963875978,14.328175525274112,59.93299647263002,81.18398204407661,139.38372692333525,18.979822937317028,3.0,0.20818533678014786,21.25098557144659,0.20818533678014786,False,True,False,False,False,False,False,True,False,True,False
85.0,33.88719708294054,3.625604853300888,18.604260903972325,40.14074746609202,63.34760037685963,267.8436816447363,-4.160747932993171,2.778246565868397,0.1557772126035207,23.20685291076761,0.1557772126035207,False,False,True,False,False,True,False,False,False,False,True
48.46959856054178,47.29002739188249,3.294730867342969,15.408979759429108,28.20501289429486,50.64036663152135,277.49342012825457,7.122847043805255,7.0,0.23922048717553,22.435353737226492,0.23922048717553,False,True,False,False,False,True,False,False,False,False,True
100.0,48.48756787108178,0.5639379356338684,16.75976742648834,35.889037420116495,90.8523127201585,103.91165064214256,0.5341116925185432,7.0,1.433005442835406,54.963275300042,1.433005442835406,False,True,False,False,False,False,False,True,False,False,True
85.0,30.06513890238722,1.2674299555740305,35.87112112811267,13.948323455933185,93.59847436377936,122.76475966549545,33.018171296489285,1.0,0.3953556929670122,79.65015090784618,0.3953556929670122,False,False,False,True,False,True,False,False,False,False,True
85.0,74.10645011572457,2.9654194045690128,32.29091083148934,33.43975255292256,86.90439983944351,179.58852665574395,14.12322245819798,4.0,0.41650348008977517,53.46464728652095,0.41650348008977517,False,False,False,True,False,False,True,False,False,False,True
62.0,45.99296137212069,2.845705702692192,30.603528099327637,34.86960937739784,77.63659352947695,108.66064519821856,3.849914000702734,6.0,0.2693705661399962,42.76698415207911,0.2693705661399962,False,False,True,False,False,False,False,True,False,True,False
75.0,48.28787199679972,2.0735530968912244,34.388042437016395,61.8669056122019,92.68815020624268,208.75457770103316,-8.036309429298335,6.0,0.3881250341840401,30.821244594040785,0.3881250341840401,True,False,False,False,False,False,True,False,False,True,False
93.09486955069778,68.03002486170053,1.5169722905210936,16.395516801190116,50.70024741009175,60.745990617404885,148.08643232831258,34.79282128606109,0.0,0.7474320755757026,10.045743207313137,0.7474320755757026,True,False,False,False,False,False,False,True,True,False,False
85.0,40.24838259933458,3.635489899529857,33.732264264339975,45.02731340187831,77.80287971223682,28.45468192760388,38.96813600946469,6.0,0.18451608866863456,32.775566310358506,0.18451608866863456,True,False,False,False,False,True,False,False,False,True,False
100.0,74.28073484499863,1.0613444684528497,41.34180124259758,66.00513379945605,82.71272303828141,35.47986919070103,4.761855467358831,7.0,1.166456588049427,16.707589238825364,1.166456588049427,True,False,False,False,False,False,False,True,True,False,False
100.0,52.884130298910776,1.2769826575664145,35.525961628694056,30.59535960979457,76.02826980706824,186.8140685808714,19.18928092352464,0.0,0.6902225072721256,45.43291019727367,0.6902225072721256,True,False,False,False,False,False,True,False,False,True,False
50.0,34.96988837156509,2.4966027035075133,19.6515444967108,36.732618067770495,69.40761440444862,249.0598375990517,9.598491187054968,4.0,0.23344982845712287,32.67499633667813,0.23344982845712287,False,False,False,False,True,False,False,True,False,True,False
85.0,55.91756316726556,2.553216595405557,6.638807142566019,46.86961641870514,67.95937767082825,179.0935734839093,15.16931484091992,6.0,0.3650138369765135,21.089761252123104,0.3650138369765135,False,False,False,False,True,True,False,False,False,True,False
100.0,20.25597516487363,1.3517035922154306,3.0234852824803093,79.64988507290505,88.23701957020575,32.00803709196611,36.54506397911559,0.0,0.2497585920652207,8.587134497300696,0.2497585920652207,False,False,False,False,True,False,True,False,True,False,False
50.8706170770115,23.57128153810389,0.8419612388537623,49.78371903386572,51.0715257268038,79.00243296681866,267.3473926242877,-3.0896176819195844,3.0,0.4665947482767259,27.93090724001486,0.4665947482767259,False,False,True,False,False,True,False,False,True,False,False
100.0,41.08911136063269,5.2203593752244375,7.854182226306737,10.714395070146608,64.15980029037753,35.4390247539194,-2.5608008235031585,6.644424525023004,0.13118225651807147,53.445405220230924,0.13118225651807147,False,True,False,False,False,False,False,True,False,False,True
58.01213069644658,48.99847458311938,3.7364814721594968,2.5609434336711026,15.600515432835518,98.00224205841444,85.0972668232422,15.56371033278488,6.0,0.21855888999765666,82.40172662557892,0.21855888999765666,False,True,False,False,False,False,False,True,False,False,True
85.0,10.2776080929522,2.361618351806849,45.68669179564876,27.840014483078228,52.20550797473095,39.27594025704913,35.09405876525552,1.8034882416338545,0.07253223963339173,24.36549349165272,0.07253223963339173,False,False,False,False,True,False,False,True,False,False,True
85.0,45.57396766460627,3.265855665654016,11.089826996423842,45.70606019537613,87.23241204777877,217.58992772592956,-9.09046835864223,1.0,0.23257798430333512,41.526351852402634,0.23257798430333512,False,False,True,False,False,False,False,True,False,True,False
85.0,14.495687027174723,2.546129258443054,21.24491493482296,30.75797031727749,56.511397317926814,119.35663296927396,-5.598798540488655,0.6749470227894747,0.09488708516470976,25.753427000649324,0.09488708516470976,False,False,False,True,False,False,False,True,False,True,False
75.0,54.64087910335184,3.2496621390652534,19.709488492511117,27.017063596143707,85.53675893440291,130.55196295061603,12.629501276977535,5.0,0.280238769268226,58.519695338259204,0.280238769268226,True,False,False,False,False,False,True,False,False,True,False
75.0,67.89119052685948,3.0072916928991527,9.68468697592609,64.31430157283006,77.58261619096179,32.89268076447516,16.317675470507673,6.0,0.3762587595962442,13.268314618131726,0.3762587595962442,False,True,False,False,False,False,False,True,True,False,False
100.0,22.742594390832505,1.030563727656758,29.635980652736865,76.22513954753002,85.77858051012342,280.9779275184948,-2.910447928547496,4.0,0.36780184444202896,9.553440962593399,0.36780184444202896,False,False,False,False,True,True,False,False,True,False,False
85.0,56.01783153828373,1.0409740232745897,37.85307847614943,18.037296920680053,61.93129743563027,14.723649268668742,11.492756176546411,7.0,0.8968816750115846,43.89400051495022,0.8968816750115846,True,False,False,False,False,False,True,False,False,False,True
100.0,13.87716708884735,0.5212915882023574,9.913419024012205,40.79935581886868,71.37903684865236,136.27861262043376,24.759622240779493,5.0,0.4436789761849641,30.57968102978368,0.4436789761849641,False,False,False,False,True,False,False,True,False,True,False
100.0,47.82436784944839,2.0468743813136925,6.082778486824532,61.57804690727161,97.96189523417006,90.11434022451289,7.166868100746985,2.0,0.3894097286904543,36.383848326898445,0.3894097286904543,True,False,False,False,False,False,True,False,True,False,False
85.0,6.08863208957066,3.284946614350205,4.86831209228205,14.453311424346262,61.79033242153907,54.81602107095647,6.170556621368309,2.0,0.0308915831537547,47.33702099719281,0.0308915831537547,False,False,False,True,False,True,False,False,False,True,False
95.69778086899464,78.83314651875263,2.921583661643124,8.424644632127169,12.48227539344258,78.60859386438283,118.69508311078516,4.7608097846417365,0.0,0.4497169780082913,66.12631847094025,0.4497169780082913,False,False,False,False,True,True,False,False,True,False,False
100.0,63.23651609867501,0.8358451423130647,5.255799991325633,31.1091900831936,50.163546266562506,132.9596225238148,30.790815038255943,2.0,1.260929664628193,19.054356183368906,1.260929664628193,False,False,True,False,False,False,True,False,True,False,False
62.0,47.3146093849059,0.9689769691243776,10.16337295016612,40.48798796741036,98.82353364240996,260.6613918475854,23.72798354443762,5.0,0.8138241136880349,58.335545674999594,0.8138241136880349,False,False,False,False,True,False,True,False,True,False,False
50.0,10.640152157210183,3.0806034583458395,19.167160983415208,66.57606983592258,69.15765779890351,81.3072735238919,20.623514072810465,6.0,0.057565302280761135,2.581587962980933,0.057565302280761135,True,False,False,False,False,False,False,True,False,False,True
85.0,36.15792621947456,3.1018270774146552,46.32809897435823,12.666303598100477,86.88327763624466,87.12429821035957,28.730037319439177,2.0,0.19428294634664087,74.21697403814417,0.19428294634664087,False,False,False,False,True,False,False,True,True,False,False
50.0,8.349591228417406,2.3126750622410013,47.48218948900026,43.32205190716476,62.97068755428872,311.63040806348147,3.0496907704113987,5.0,0.060172678851005426,19.64863564712396,0.060172678851005426,False,True,False,False,False,False,True,False,False,False,True
85.0,55.97943470013186,1.106862482944654,13.79927221343662,2.3259589947386745,71.03902179038346,67.87474828378124,11.442580470841843,5.0,0.8429146282503306,68.71306279564479,0.8429146282503306,True,False,False,False,False,False,True,False,True,False,False
62.0,38.50773758511891,0.9764775412267896,15.809921563951589,37.91329561411469,57.53677417403917,252.97342956956808,21.38432172230572,3.0,0.6572559012594736,19.62347855992448,0.6572559012594736,False,False,False,True,False,True,False,False,False,True,False
85.0,13.105812024979125,0.5690623348394185,14.554415345938793,12.044342771950358,91.06953924455011,201.5628074107787,1.85665782275348,7.0,0.3838423087304781,79.02519647259976,0.3838423087304781,True,False,False,False,False,True,False,False,True,False,False
85.0,12.128018048871455,0.9802518418740852,32.09970635847218,47.72203883616639,62.35988112699489,212.5522238689407,-1.2061704606006334,3.0,0.20620581927335155,14.637842290828502,0.20620581927335155,False,False,False,False,True,False,False,True,False,True,False
85.0,53.58667286183268,3.445384636919679,6.927506568259337,58.07325463341602,92.2658239799593,101.95047923302448,7.377646953805616,6.455612284469378,0.2592195962080906,34.19256934654327,0.2592195962080906,False,True,False,False,False,False,True,False,True,False,False
100.0,17.854873424356434,2.505005630664888,48.38467691618706,43.82063366672827,58.45469784758049,268.9717585141519,19.26489439702416,2.0076405888800446,0.11879463267325623,14.63406418085222,0.11879463267325623,True,False,False,False,False,False,False,True,True,False,False
85.0,62.24807114091579,3.432085658312173,18.589472298830444,78.60469650901624,99.52158491419787,102.9238174711238,20.808674270657335,6.0,0.30228495312637427,20.916888405181638,0.30228495312637427,False,True,False,False,False,False,False,True,False,True,False
85.0,6.961875674256488,2.4227759300549403,22.672767380865302,16.340813424043915,78.75846708787853,86.56483570911978,29.56154848251917,1.0,0.04789186643231053,62.417653663834614,0.04789186643231053,True,False,False,False,False,False,False,True,True,False,False
85.0,75.18617180833594,3.623184645772829,53.174782799295336,17.16005127164052,64.31018702277949,150.0470023654809,24.92336832058132,5.0,0.34585674923696236,47.15013575113897,0.34585674923696236,False,True,False,False,False,False,True,False,True,False,False
50.0,1.7545202338044217,0.7973944310128724,8.430755655329502,27.118106851125184,78.96915418957035,65.88939460451076,25.93608210131172,2.0,0.03667194397081048,51.85104733844516,0.03667194397081048,True,False,False,False,False,False,True,False,True,False,False
81.65318205107059,73.61433544405698,3.665318917813474,3.855782923246637,46.807860636393485,86.59530628854822,162.06302022181248,33.860787696770295,7.0,0.33473365299033425,39.78744565215473,0.33473365299033425,False,True,False,False,False,True,False,False,False,True,False
62.0,6.377874090357831,0.9035194095926008,33.84247374666808,46.18102100188867,99.01491659931033,169.11197877085093,-2.96053409263979,2.0,0.11764871941588266,52.83389559742165,0.11764871941588266,False,False,False,True,False,True,False,False,False,True,False
62.0,51.16182197500394,1.2866745067137464,15.002975608272422,44.27162791405269,90.6684743156528,35.45627590442558,31.917598615028037,1.8880374825335764,0.6627138631156828,46.396846401600115,0.6627138631156828,False,True,False,False,False,True,False,False,True,False,False
75.0,28.22969163134975,1.2186895776866975,23.437410108212934,61.78774867645628,65.21596737627195,91.120578890523,24.32145836328824,7.0,0.38606620515749684,3.428218699815666,0.38606620515749684,False,True,False,False,False,True,False,False,False,True,False
85.0,50.643736597993126,2.2291425495078623,29.633681436250622,31.570698858788976,70.648329638232,195.0011483657776,6.434361447340734,3.0,0.3786488561799541,39.07763077944303,0.3786488561799541,False,False,False,False,True,False,True,False,False,False,True
75.0,57.89799819019454,0.6055648002739363,15.380881327116466,58.602148974027074,77.23174936981644,266.68767329950504,15.72519594516674,7.0,1.5934985588110888,18.629600395789367,1.5934985588110888,False,False,False,True,False,False,True,False,False,False,True
75.0,30.900798344474765,0.670877146738795,40.564403928383314,24.83449931237853,61.27901236228131,13.013883737820478,33.50586024036359,4.0,0.7676715599044929,36.44451304990278,0.7676715599044929,False,False,False,False,True,False,True,False,True,False,False
46.53791149668031,35.348377133007446,3.133547022568186,5.497144232704208,41.20931818354145,98.92265741071633,219.15322185379577,-8.72042463752484,4.0,0.1880104605548927,57.71333922717488,0.1880104605548927,False,True,False,False,False,False,False,True,True,False,False
75.0,11.92593792090742,2.7490297053158925,49.422736981543714,29.33302482996651,88.4323917824992,192.1750239264356,-3.3573743979983828,0.0,0.07230392295534813,59.099366952532684,0.07230392295534813,True,False,False,False,False,False,True,False,True,False,False
50.0,44.15948700741327,3.976851392100341,23.75243531899124,81.45214550820731,89.29358320332949,33.56494022873299,-5.3327737761469285,7.0,0.18506888429010337,7.841437695122181,0.18506888429010337,False,False,False,False,True,False,True,False,False,False,True
100.0,65.24475504703462,0.8786516820801358,46.96981830114844,27.08090944968201,55.747611123683306,95.656561543192,20.42707195075063,4.0,1.2375923318588358,28.666701674001295,1.2375923318588358,False,False,False,True,False,False,False,True,False,True,False
50.0,20.46478094414017,3.6470085095575575,18.59949061237613,18.13415171447935,56.11481331797653,62.929956055320496,25.428088214299088,7.0,0.09352313862402113,37.980661603497175,0.09352313862402113,False,False,False,True,False,False,True,False,True,False,False
85.0,32.64266713861244,0.5606409011449397,29.199086932973444,51.557809348746055,73.55094550093412,183.594068681762,29.9393328525626,0.0,0.9703973634445164,21.993136152188065,0.9703973634445164,True,False,False,False,False,True,False,False,False,False,True
85.0,66.62370004100543,1.229144212048145,45.5056750420217,62.39013910651081,79.43489768071959,286.07209886520354,-0.9762473847444576,0.0,0.9033887071990948,17.044758574208778,0.9033887071990948,False,False,False,True,False,False,True,False,False,True,False
62.0,33.365508790480845,0.6112620234429819,10.19694664940403,26.84932307942894,99.63756366259756,244.0527884423648,26.87389732837409,0.0,0.9097437626542698,72.78824058316862,0.9097437626542698,False,False,False,False,True,True,False,False,True,False,False
75.0,65.89172326762375,0.7389305304942535,36.4930549563118,18.87132185953369,65.01723141258057,77.26928192967245,11.729181747951497,5.0,1.4861957145811415,46.14590955304688,1.4861957145811415,True,False,False,False,False,False,False,True,False,True,False
75.0,12.669821074783703,2.816823552679627,18.718296489912422,35.91735462644321,67.07789382329932,296.13166242421204,29.403022298145444,3.0,0.07496517997332482,31.160539196856107,0.07496517997332482,False,False,False,True,False,False,True,False,False,False,True
50.0,31.877190174337137,1.3839409159301177,23.4663558449473,68.8236838416409,92.8371241203629,249.7635288631293,38.18867276301532,6.0,0.38389391974046266,24.013440278722,0.38389391974046266,False,False,True,False,False,True,False,False,True,False,False
50.0,29.582840438091417,3.20387178644321,37.183765395523466,24.743941274646534,80.60437845117377,248.9240907783052,5.7985721096451375,5.0,0.15389109599239464,55.86043717652724,0.15389109599239464,False,True,False,False,False,False,False,True,False,True,False
100.0,37.50977747998428,3.518061326092396,6.341781289968012,31.204338559110987,76.03450437720255,203.72896600535708,30.128829937288288,1.0,0.1777009835965887,44.830165818091565,0.1777009835965887,False,False,False,False,True,True,False,False,True,False,False
100.0,66.52076448264908,0.2066308831427136,15.099483913288104,19.50529978121177,63.48592020479546,123.5700602552102,-6.756693664930932,3.969244032327296,5.365506797347522,43.98062042358369,5.365506797347522,False,True,False,False,False,False,True,False,False,False,True
62.0,29.84062267463912,3.4738635759039367,14.03909939573777,17.26238082837486,53.65651198727304,195.47378637535544,19.17667043576218,7.0,0.14316731223809534,36.39413115889818,0.14316731223809534,False,True,False,False,False,False,False,True,False,True,False
100.0,60.41010374511423,1.7089707006187953,48.78868465608588,77.00681784966234,82.5309652201098,99.5425833068634,12.8704939724941,2.0,0.5891470591356592,5.524147370447466,0.5891470591356592,True,False,False,False,False,True,False,False,True,False,False
85.0,44.78548903983442,3.4306460183858127,35.39040522700007,20.08304245350331,76.26295568732958,283.9026933704645,10.649007273572316,6.0,0.21757558586058418,56.17991323382627,0.21757558586058418,False,True,False,False,False,True,False,False,False,True,False
85.0,29.01396645530415,2.525432775511763,43.00986974325926,70.2479743817307,92.49814391459218,199.63810211952105,1.081182964677044,3.0,0.19147851104071095,22.250169532861477,0.19147851104071095,True,False,False,False,False,False,True,False,True,False,False
75.0,61.1175287370132,2.710755712940239,28.40157855499124,28.71589130188672,52.96116985862483,172.6673987833455,-3.13350858069093,1.0,0.37577177245726845,24.245278556738107,0.37577177245726845,False,True,False,False,False,False,False,True,False,False,True
85.0,6.35451648199704,1.0468543998817086,4.1099254234670255,47.20053057698689,85.12774934813254,40.66318958677064,-0.2307267692579131,5.0,0.10116842231856822,37.92721877114565,0.10116842231856822,False,False,False,True,False,True,False,False,False,False,True
62.0,60.5227294924313,3.078528492754888,14.16343771987751,25.511673150670305,64.2138773845328,219.1154065223597,-8.823314271075386,4.0,0.3276604912318094,38.70220423386249,0.3276604912318094,False,False,False,True,False,True,False,False,False,True,False
50.0,49.62151165856079,3.7314884549610063,28.549558653249434,43.90988048725574,98.38860809649242,260.68516578515363,11.257475676219034,6.0,0.2216341291930887,54.47872760923668,0.2216341291930887,False,False,False,True,False,False,False,True,False,True,False
100.0,54.126087254300025,1.2533145623700643,13.61905213687039,69.63478802892779,88.99147530915221,175.20621010666332,-9.824642409465277,7.0,0.7197725785076864,19.35668728022442,0.7197725785076864,False,True,False,False,False,False,False,True,False,False,True
45.38021848237455,13.088994842173186,3.2392925386945284,36.475808205118085,16.78109281796508,91.514782480147,233.5717408705568,-1.3963983233364257,3.0,0.06734492529783576,74.73368966218192,0.06734492529783576,False,False,True,False,False,False,True,False,False,False,True
85.0,56.82135247009669,0.8652131466394621,21.269704738274807,17.451240723590125,53.8501746253108,263.7448790437271,39.80240624595091,2.0,1.0945540354380519,36.398933901720675,1.0945540354380519,True,False,False,False,False,False,False,True,False,False,True
100.0,58.151062888392886,1.9862538995816736,34.96509713846357,17.46097583271432,82.1311377474008,236.8331846408309,35.589301174461674,7.0,0.4879458671810967,64.67016191468647,0.4879458671810967,False,False,True,False,False,True,False,False,True,False,False
50.0,12.919879701960571,3.3808345310347176,9.137049424320672,48.08341175551522,71.15874257165281,188.60188052087443,-2.4119193043412395,4.0,0.06369176793166109,23.075330816137587,0.06369176793166109,False,False,False,False,True,False,True,False,False,True,False
75.0,70.24471717977453,3.372738572105164,31.88182227346866,72.54929506897906,91.90178009240871,34.52241141897322,7.136485621670332,4.0,0.3471200809966219,19.35248502342965,0.3471200809966219,False,False,False,False,True,False,False,True,True,False,False
50.0,47.904097938603606,1.161237733936936,22.06190557198344,48.97534202307546,75.49040404239132,32.237616796183886,-2.996197814862219,5.0,0.6875436518956758,26.515062019315856,0.6875436518956758,True,False,False,False,False,False,True,False,False,True,False
100.0,79.0022597060318,3.893154871495159,26.97742286397169,22.533751566678475,93.29783009724342,39.74600722869755,7.684356808228177,3.0,0.33821010771353804,70.76407853056494,0.33821010771353804,False,False,True,False,False,False,False,True,False,True,False
78.38373535705672,19.9168777203513,2.8051787813708304,32.21173098849586,43.909979474757165,80.05854643034127,205.64398874700493,10.384842627463474,7.0,0.11833397721753734,36.1485669555841,0.11833397721753734,False,True,False,False,False,False,True,False,True,False,False
75.0,15.058971703234262,3.216985824064025,14.767890758738712,49.868120868150704,82.17964274236235,68.52318394687728,28.05657767890564,1.0,0.07801801917905372,32.31152187421164,0.07801801917905372,False,True,False,False,False,False,True,False,True,False,False
62.0,12.132557803938544,2.6746900749995723,40.19690033842815,32.07190535374782,77.49195605753643,92.1158672426987,25.20350172835021,7.0,0.07560101958068596,45.420050703788604,0.07560101958068596,False,False,False,True,False,False,True,False,True,False,False
100.0,30.53308100745638,2.3000050341363685,19.021088745685933,52.91050286219491,67.2187408202672,132.6046017612942,2.33111516426541,6.0,0.22125372592877304,14.30823795807229,0.22125372592877304,False,False,True,False,False,False,True,False,False,False,True
100.0,14.018823992805098,1.8272416718247204,6.291013587854589,58.996115876586,90.81351987157448,22.540477243986956,33.28195603093967,7.51530869035586,0.127868727026911,31.81740399498848,0.127868727026911,False,False,False,False,True,False,False,True,False,True,False
85.0,61.83012083767203,1.3995197521599705,49.15968568228321,36.84689681505471,92.67951284722466,80.99732070598944,-2.341554226023669,0.0,0.7363254519064553,55.832616032169945,0.7363254519064553,False,False,True,False,False,False,True,False,False,True,False
75.0,51.62169093377357,1.303555581123807,43.16138737357078,22.787479040018432,58.6624943861943,185.95215211232087,7.936964700801351,7.0,0.6600113781271738,35.875015346175864,0.6600113781271738,True,False,False,False,False,False,True,False,True,False,False
75.0,70.62045542020036,0.637026904969773,18.335547457945317,25.723471642871232,99.585814595444,188.46379155896125,-4.842996855241946,2.0,1.8476575811072247,73.86234295257277,1.8476575811072247,True,False,False,False,False,False,True,False,False,True,False
75.0,32.52486104511656,2.287496504307609,31.5531561687629,23.42576752983394,83.74262073596746,294.05825875693694,25.92667701462242,2.0,0.23697567030061503,60.31685320613352,0.23697567030061503,False,False,False,False,True,True,False,False,False,False,True
100.0,78.39905610034737,0.5318848035877057,29.753158714478868,49.66021029282839,83.24626253232046,119.78864790850731,-9.296045390619858,1.0,2.456642728260101,33.58605223949207,2.456642728260101,False,False,False,False,True,False,True,False,False,True,False
85.0,78.15878931012135,1.548133495316547,7.34702904042674,78.17878531385018,80.78249491449304,114.76631518048208,20.8310001306784,4.0,0.8414303368816849,2.6037096006428584,0.8414303368816849,False,False,True,False,False,False,True,False,True,False,False
75.0,5.3378360735216495,1.3473103319992674,29.15448171293192,16.3556544239116,88.04370260386372,67.71733683557791,29.249086599941627,0.2884081107034522,0.06603076696270932,71.68804817995212,0.06603076696270932,False,False,True,False,False,False,True,False,False,True,False
75.0,29.318815538897795,2.0626726768907844,36.76426976231584,54.75318080948295,80.76527145643796,200.52483681776488,6.325563651505092,0.0,0.23689988776351534,26.01209064695501,0.23689988776351534,False,True,False,False,False,False,False,True,False,True,False
100.0,5.69951995446004,1.0866768976439043,40.48262896138074,54.544755368940045,81.03013387969956,221.58355288822716,32.63449014531149,3.0,0.08741512720750674,26.485378510759517,0.08741512720750674,False,False,False,False,True,False,False,True,False,True,False
75.0,65.2254522844251,2.7599862066097303,18.06959233298836,45.5068659842013,83.40752160581039,206.9879012630543,4.068853035632117,0.0,0.3938754725671,37.90065562160909,0.3938754725671,False,False,True,False,False,True,False,False,True,False,False
100.0,23.54038391979749,2.5925972772690966,3.508161487393433,17.170614248794294,39.31920167051178,192.85689131728176,14.538649316116311,4.0,0.15133076603779147,22.148587421717487,0.15133076603779147,False,True,False,False,False,False,False,True,True,False,False
75.0,18.549702417680702,1.828878540843832,13.855271545417976,37.87100088921708,66.16504375021906,46.22369185622132,26.694888257357164,7.0,0.16904441714248555,28.294042861001977,0.16904441714248555,True,False,False,False,False,True,False,False,True,False,False
33.37702357097419,20.763187642544253,2.68656498163465,23.99284957205273,27.40042669502671,55.23400520188916,155.2169255876906,8.316822120598246,2.0,0.12880876872190164,27.83357850686245,0.12880876872190164,False,False,False,False,True,False,True,False,False,False,True
85.0,46.45478115373152,3.93657053723412,42.83848279850626,12.793089168257392,70.71797256504605,3.824527427420319,26.51176747373154,1.7554439348812885,0.19668042150876494,57.92488339678866,0.19668042150876494,True,False,False,False,False,False,True,False,False,True,False
85.0,49.74934189978176,2.008221975228492,33.70234120475917,62.63796602121695,87.47010159296559,177.26981142816254,31.464224787251247,0.0,0.4128805025327721,24.832135571748644,0.4128805025327721,False,False,True,False,False,True,False,False,False,False,True
100.0,66.17491556109752,1.5908913989608646,4.096052506150107,57.51855751045613,59.21834420857712,19.842550619791872,12.62900174508787,2.0,0.6932687297649767,1.6997866981209953,0.6932687297649767,False,False,True,False,False,True,False,False,True,False,False
59.79413925244189,49.83823893887459,1.6478234891252015,20.87000776757065,41.37761828816223,62.03331148509731,40.84365487671591,-4.843799756853213,5.685366888566936,0.504081487568113,20.655693196935076,0.504081487568113,False,True,False,False,False,True,False,False,False,False,True
62.0,6.885479431723564,3.500201170135869,29.44664264254554,62.99501973890689,70.58747645056332,270.3822387599344,4.057993736673463,7.0,0.03278611284055752,7.592456711656425,0.03278611284055752,False,False,False,False,True,True,False,False,False,False,True
85.0,37.77161458127733,4.615782239309852,4.034655716474346,52.13244929303641,93.21180849655904,96.84198081577826,1.7308596215155436,7.0,0.13638574721455704,41.079359203522635,0.13638574721455704,False,True,False,False,False,True,False,False,True,False,False
75.0,44.06555274761643,0.7388318908606428,18.136176918025765,43.3631967175386,72.85514963212466,261.50598887337225,21.12350581758097,6.0,0.9940365165767684,29.491952914586065,0.9940365165767684,False,False,False,True,False,False,False,True,True,False,False
100.0,62.3191755518106,2.9247352724992024,22.41630595649871,21.819886273129143,61.29106772673944,22.61948851952616,11.126462848905764,6.0,0.35512715821831475,39.4711814536103,0.35512715821831475,False,False,False,True,False,False,True,False,False,False,True
100.0,52.99672888359278,3.5264988700635578,38.36925513880513,10.950912707790694,69.30238832786551,27.930909180515243,14.177763270049578,6.0,0.2504690479911105,58.35147562007482,0.2504690479911105,False,False,False,False,True,False,True,False,False,False,True
75.0,74.73938753754207,0.0953144165458864,44.05048455914645,27.62289341973861,61.32518277224479,56.3252273928085,9.990199636985103,3.176061926468777,13.068919730095066,33.70228935250618,13.068919730095066,False,False,False,False,True,False,False,True,True,False,False
100.0,58.37615445163145,1.8775223705101527,4.6696670367747615,15.359167401010394,56.58027747341746,96.86304815594605,16.972016794308892,3.0,0.5182020320017965,41.221110072407065,0.5182020320017965,False,False,True,False,False,False,False,True,True,False,False
85.0,13.3246110441358,1.38201984923984,24.74284750954942,52.78624625920918,92.86857199351071,283.9904923578399,35.704863864734804,4.0,0.16069005872654205,40.082325734301534,0.16069005872654205,False,False,False,True,False,True,False,False,False,False,True
85.0,14.503455142567915,2.240834005432468,37.65992488009884,51.14214596336595,99.98660421478364,168.0448614464392,12.24739891359942,3.0,0.1078724491819199,48.84445825141769,0.1078724491819199,False,True,False,False,False,False,False,True,False,True,False
85.0,26.34468459019388,1.9720670095491293,19.951513324304088,11.85553123414742,57.08540547671732,216.47155389288085,-2.058775959888321,3.0,0.22264865969418404,45.2298742425699,0.22264865969418404,False,False,False,True,False,False,True,False,False,False,True
100.0,5.775919735452496,1.8364567962319551,33.74537926514628,25.118016109663355,59.04654073710448,96.33217778289772,37.10118843149111,1.0,0.05241905451940151,33.92852462744112,0.05241905451940151,False,False,False,False,True,False,False,True,True,False,False
85.0,40.161421851143096,2.517973871979124,28.479962126485365,35.04453497731117,94.56359194190472,93.99523169765295,13.354387166466346,2.0,0.2658316030603889,59.519056964593545,0.2658316030603889,False,False,False,True,False,True,False,False,True,False,False
62.0,60.96907588597162,2.4969601810931428,6.682750854200964,75.85725205688395,92.36496167231005,266.82108780235893,20.465566167774167,6.0,0.40695533411403195,16.507709615426094,0.40695533411403195,False,False,False,True,False,False,True,False,False,True,False
62.0,48.32460775397477,2.311636670944888,19.59383734315731,27.014978040990016,55.861029409729085,161.40304885740548,3.4993413766720423,2.0,0.3484155357786823,28.84605136873907,0.3484155357786823,False,False,False,True,False,True,False,False,False,True,False
85.0,67.43740257394747,1.8145610590347336,16.09934851847499,89.87079040064869,93.90137525264328,36.060236573124,34.08218775904674,3.0,0.6194096935837952,4.03058485199459,0.6194096935837952,False,False,False,True,False,False,True,False,True,False,False
100.0,30.80566200277668,1.0378600717476725,18.97988934768992,60.727202748946425,61.20655136874687,155.71449022041207,29.11438026886234,5.0,0.4946983837442626,0.4793486198004473,0.4946983837442626,True,False,False,False,False,False,False,True,True,False,False
85.0,62.09565922628094,2.477935464885133,30.52868478649712,43.886190846537644,81.46898348084524,285.79045868611,-8.559081242956825,1.0,0.4176572265247933,37.582792634307594,0.4176572265247933,False,False,True,False,False,False,True,False,False,True,False
100.0,28.864060959229157,2.113671385265924,38.34408586043845,27.678537866654462,92.57272070890085,107.0000963359066,13.194479356064214,2.0,0.2275981432152924,64.89418284224638,0.2275981432152924,False,False,False,False,True,False,False,True,True,False,False
75.0,33.370542026215475,2.4863752525971208,41.92916859260739,58.60908208265877,71.21956042362135,279.5193618635699,15.418433423035204,8.018665733261262,0.22368936461058173,12.610478340962572,0.22368936461058173,False,False,True,False,False,False,True,False,False,True,False
77.60847805142836,73.09045077014305,1.7540479473185384,30.388803808157416,29.666501463197683,99.8568507681671,227.7259802260517,2.5942497264893376,7.0,0.6944930903198175,70.19034930496943,0.6944930903198175,True,False,False,False,False,True,False,False,True,False,False
75.0,26.992344080966543,3.548983525567543,46.58137118308024,23.69485787229742,56.10531021153972,237.51102046374248,25.10961224820208,1.0,0.1267609156561244,32.4104523392423,0.1267609156561244,True,False,False,False,False,False,False,True,False,True,False
50.0,42.29018026674148,2.012292994982237,37.806096359579605,81.1021620402358,92.83360459772088,242.4530430968343,36.82658398230539,10.547236543818036,0.35026526432113647,11.731442557485082,0.35026526432113647,False,False,True,False,False,False,True,False,True,False,False
100.0,30.036118378192803,1.6434822524313395,13.372949045558247,14.364249190360638,80.38540836870507,217.91571614184764,34.95455887605409,6.0,0.3045983442956552,66.02115917834443,0.3045983442956552,True,False,False,False,False,True,False,False,False,True,False
62.0,10.386093782293678,1.2425644202586024,47.76649443710824,56.66366372880108,73.29028271679678,188.1506523593367,16.830516164835082,0.0,0.1393099305082324,16.6266189879957,0.1393099305082324,False,False,True,False,False,False,False,True,False,False,True
50.0,45.71947918248383,2.872161730269349,47.84255660041194,35.421950002135304,88.85354956614376,156.87665110401693,34.297789398053226,7.0,0.2653023719651765,53.43159956400845,0.2653023719651765,True,False,False,False,False,False,False,True,False,True,False
50.0,24.59962969556764,2.0078608677549403,11.820175787578869,51.18826307688968,63.46582475528865,263.83317339672374,14.205489919727103,1.0,0.2041943417712449,12.277561678398968,0.2041943417712449,False,True,False,False,False,False,False,True,False,True,False
85.0,52.71641215020086,0.5628169402063448,6.422556538989332,37.682102722139774,81.9072284186087,225.30420808113757,0.1669976050643421,7.0,1.5610881734439122,44.22512569646892,1.5610881734439122,False,False,True,False,False,True,False,False,False,False,True
85.0,56.42022999086558,0.8288732839363397,25.40285241085352,32.61238657309413,65.16007356921413,12.807514731098356,17.596802362332962,4.0,1.1344763846757635,32.54768699612001,1.1344763846757635,False,False,False,True,False,False,True,False,False,False,True
75.0,52.90446366869147,1.5469560347093554,15.572055588337298,89.8386106965979,97.49538046654772,36.74369480038644,32.57385369012299,3.0,0.5699845641123995,7.656769769949818,0.5699845641123995,False,True,False,False,False,False,False,True,False,False,True
75.0,55.78297746472087,1.37679715607362,46.33334189802024,29.614363227382576,88.37842811530948,10.879984091847628,14.240494893531343,4.0,0.6752747033049271,58.7640648879269,0.6752747033049271,False,False,False,True,False,False,True,False,False,True,False
85.0,16.67359945711931,1.809282615508712,32.99482958919536,77.48514337130472,88.66543213628108,281.8878021909634,33.7293207659469,6.0,0.15359309922247122,11.180288764976368,0.15359309922247122,False,False,False,True,False,True,False,False,False,False,True
100.0,13.280712325754468,1.7614413222294734,59.14854488775761,76.55821189990698,81.58200949625066,257.6075888403542,4.206090638748936,5.0,0.12566141297802777,5.023797596343684,0.12566141297802777,False,False,True,False,False,False,True,False,False,False,True
100.0,46.55965371578422,1.6657565361852955,35.776000248726106,77.27588158438571,95.74723144237556,197.5286464172002,1.6535023008047476,1.5028687879357574,0.46585092823557955,18.47134985798985,0.46585092823557955,False,False,False,False,True,True,False,False,False,True,False
50.0,13.726133739305284,6.176416559677362,12.48400854700609,82.91258265105539,90.83107621463682,166.7223837788621,6.7863533910958935,2.0,0.03703909758104759,7.9184935635814355,0.03703909758104759,False,False,False,True,False,False,True,False,True,False,False
50.0,20.581387676280656,1.536944425840643,37.02662574504806,22.542508411280863,84.67236204491557,205.50752200060109,6.7417676444803085,2.0,0.2231851211864033,62.12985363363471,0.2231851211864033,False,False,False,True,False,True,False,False,True,False,False
75.0,36.047577386304056,1.645779959820823,49.85189638729916,46.32842585884544,52.15170916533472,57.6589438038869,6.876897281568692,4.0,0.3650505967418692,5.82328330648928,0.3650505967418692,False,False,False,False,True,False,False,True,True,False,False
62.0,31.73575031358406,1.96195761837512,11.129872762551232,58.968752752506965,81.66823961304,87.27410521974205,-9.56906362005498,3.0,0.2695925574228883,22.699486860533035,0.2695925574228883,False,False,True,False,False,False,True,False,True,False,False
85.0,64.5382469650896,3.970999800756029,17.56016007058113,17.189637655147195,57.13538346069592,258.3785312145929,12.326389479259715,7.0,0.27087320659481573,39.945745805548725,0.27087320659481573,False,False,True,False,False,False,False,True,False,True,False
85.0,41.5686202547537,2.534327206990629,27.876882761572915,25.52830137336865,73.36154763754071,240.38511602501632,-2.134070301936488,0.0,0.27337051650954797,47.83324626417206,0.27337051650954797,False,False,False,False,True,False,False,True,True,False,False
75.0,34.375669740166174,3.14574570749033,3.806546848260664,41.11182645121117,63.0261598722875,150.83472799252905,18.00012703193646,6.0,0.18212782668305705,21.91433342107633,0.18212782668305705,False,False,True,False,False,True,False,False,False,False,True
60.78928024814476,12.118093232455848,2.8544938427036954,7.997038341783679,30.06718877773716,90.2070511207323,256.2264580975269,20.98749334177654,2.0,0.07075447756076862,60.139862342995144,0.07075447756076862,False,False,True,False,False,True,False,False,True,False,False
50.0,26.4021039498391,0.9580223408018254,47.75905348319621,29.476011117716563,87.34323555672688,247.34030148401197,22.883741256432277,7.0,0.4593160796880377,57.867224439010315,0.4593160796880377,False,True,False,False,False,False,False,True,False,True,False
62.0,54.62699762686274,2.231225791454563,27.773067432070523,55.80982585519321,60.03055717875766,246.2943567109018,-4.373660484360055,2.0,0.40804922744021305,4.220731323564451,0.40804922744021305,True,False,False,False,False,False,False,True,False,False,True
75.0,69.44996147928137,1.0662067473464614,49.4167326886436,27.56248158524955,63.29227669048761,150.11184678792918,37.899071590588136,7.0,1.0856237412385237,35.72979510523806,1.0856237412385237,False,False,False,True,False,False,True,False,True,False,False
75.0,13.66384250802366,0.7991338052061846,14.33045702276969,62.24698007651001,82.888930350227,209.0906430300939,36.088928883769846,3.0,0.2849719370941943,20.641950273716986,0.2849719370941943,False,False,True,False,False,False,True,False,True,False,False
50.0,26.615202038752912,1.3179175040508335,22.743966622605768,59.93105266224815,69.52130643027168,193.00361520889265,28.898031697778837,5.0,0.33658153813303643,9.59025376802353,0.33658153813303643,True,False,False,False,False,False,True,False,False,False,True
100.0,19.89879895108544,1.8496720908513216,33.63605071304322,14.367222164095724,93.02253678331718,10.028295172958789,22.189261165233205,7.0,0.17930023966146083,78.65531461922146,0.17930023966146083,True,False,False,False,False,True,False,False,False,False,True
46.876796546450585,25.1008625389698,3.775303416191173,24.43460764935305,19.64174718336392,65.46861812315663,289.5420314364516,-8.675996097347834,6.0,0.11081167865572311,45.82687093979271,0.11081167865572311,False,False,False,True,False,False,False,True,False,True,False
50.0,30.184684241437047,2.9714279747215,40.18246010654073,64.15663500524101,65.40054488526368,104.53585323424738,26.17562590446412,0.0,0.16930515394295192,1.2439098800226702,0.16930515394295192,False,False,True,False,False,True,False,False,True,False,False
85.0,15.342120681093242,3.3924522509710866,43.49684995974235,41.89272736540871,95.37829796681748,172.29357704315214,36.03515006018003,0.0,0.07537379819520218,53.485570601408774,0.07537379819520218,True,False,False,False,False,False,True,False,False,False,True
100.0,5.650181738384828,0.6399514507924429,11.667438213057288,58.40045758268339,65.01799108616504,83.26552535518786,23.05944662777797,6.0,0.14715131206146673,6.617533503481653,0.14715131206146673,False,False,False,True,False,True,False,False,True,False,False
62.0,61.46067458832575,2.469784373228879,31.65043077258852,15.973834415845005,62.9312696243236,57.16364358717763,-9.469038376152003,0.4616615532392187,0.4147506104481972,46.95743520847859,0.4147506104481972,False,False,True,False,False,False,True,False,False,False,True
85.0,41.57891512365271,1.0769985933129254,35.41810599547556,45.88552782646099,90.42239600795594,149.93485696789244,21.276982361679877,0.0,0.6434380908482739,44.53686818149495,0.6434380908482739,True,False,False,False,False,True,False,False,True,False,False
85.0,29.697898464844947,3.9196356376575463,32.30310225795641,42.99230053892738,50.440450369675816,180.45290646076876,8.199106994886627,4.0,0.1262783126213955,7.448149830748434,0.1262783126213955,True,False,False,False,False,False,False,True,False,False,True
100.0,78.95506101572013,3.796562675515384,41.30756664038859,50.08944938648692,74.78962116495197,91.25991153552684,37.20721923843083,6.0,0.3466076543611122,24.700171778465048,0.3466076543611122,False,False,False,True,False,False,False,True,False,True,False
85.0,37.28701875736325,1.9047180148348133,29.148826227508486,29.08564191565545,78.12984431226614,46.646749394879045,6.233313953621948,2.0,0.32626893208474017,49.04420239661069,0.32626893208474017,False,False,True,False,False,False,False,True,False,False,True
100.0,72.09484050132289,2.0228182434483357,7.424169715513885,32.50685926451319,89.84464823529999,255.11745161753132,-3.311599169989914,3.0,0.594013168960594,57.3377889707868,0.594013168960594,False,False,True,False,False,False,True,False,False,True,False
62.0,33.39817875530706,2.4550069759789315,14.420929224434923,23.344139229666805,68.13930114934985,23.106882718779463,27.28334185780242,2.0,0.22673512459837017,44.79516191968304,0.22673512459837017,False,False,False,False,True,True,False,False,False,False,True
62.0,46.5117702649118,2.8093466210082094,10.481223831096187,70.98136180299576,94.37776504731777,223.26017562434012,38.45202722070744,5.0,0.2759346836324752,23.396403244322002,0.2759346836324752,True,False,False,False,False,False,False,True,True,False,False
100.0,53.83827205577136,0.9481929847390816,25.60597779167056,65.22042875296964,88.65894891293276,207.67198392828075,4.719933351279762,5.0,0.946331125313874,23.43852015996312,0.946331125313874,True,False,False,False,False,False,False,True,False,True,False
100.0,76.49931986653537,3.007714521664014,37.44551097801787,24.87475155858137,58.71010168215999,59.59145482959687,45.75334767132824,2.0,0.4239061437708757,33.83535012357862,0.4239061437708757,False,True,False,False,False,False,False,True,False,True,False
62.0,5.614874084822165,2.4596015464435803,18.561165291353888,42.52683279726473,64.39746848163185,127.33484113475907,5.264035651558466,7.0,0.03804731497357704,21.870635684367116,0.03804731497357704,True,False,False,False,False,True,False,False,False,False,True
67.54202075470891,21.580915527008145,1.2655236873891065,32.631930630337024,14.542459140504551,87.11111918933997,124.11936816817752,-5.861573323905558,4.690347029293445,0.2842158776120525,72.56866004883543,0.2842158776120525,False,False,True,False,False,True,False,False,False,False,True
100.0,49.5455465707554,0.6749395027714313,27.007663464458027,48.444748344060486,92.49696553778732,60.587195895566325,36.81082491098743,7.0,1.2234564818355784,44.05221719372683,1.2234564818355784,False,True,False,False,False,True,False,False,False,False,True
100.0,71.12558827151543,0.8234738515861253,14.167129141388296,78.36258956686292,91.25000145077829,50.619867125485854,-1.7144756464186806,5.0,1.43954354945045,12.887411883915362,1.43954354945045,True,False,False,False,False,False,False,True,True,False,False
107.43195454576464,5.746444809429853,0.5810295603537152,7.007637736562545,60.71131119139218,67.30386447899235,140.00446081941055,16.976171076313854,3.0,0.1648351249097542,6.592553287600175,0.1648351249097542,False,False,False,False,True,False,False,True,False,True,False
62.0,9.737039612310449,3.070307175368709,3.645282258602781,75.78098420909689,97.16335944186612,157.8770594586192,13.520221296228211,4.0,0.05285594706627979,21.382375232769235,0.05285594706627979,False,False,False,True,False,False,True,False,True,False,False
85.0,63.83060874636528,2.4586525201777665,38.13906947158999,11.083545913952166,74.4052795934412,295.9873020763941,13.919159881889572,2.044744282084336,0.432693709410051,63.32173367948903,0.432693709410051,True,False,False,False,False,False,False,True,True,False,False
85.0,72.94802476319454,3.757952843891181,14.790119300536766,38.584757552644014,78.14300037423867,14.891723325678914,34.422203587940146,2.0,0.3235273201195909,39.55824282159465,0.3235273201195909,False,False,True,False,False,False,False,True,True,False,False
62.0,21.097847217832147,3.468062457867462,37.26275518553577,66.19996585752617,78.69730898608768,197.84868477952736,-3.5252079868623687,1.0,0.10139113445496871,12.49734312856151,0.10139113445496871,False,False,True,False,False,False,False,True,False,False,True
62.0,58.7914423257815,2.4717227683053737,34.24176571321428,63.04816280361352,97.7190613489558,29.975992923414776,-4.119519404011887,7.0,0.3964268908556253,34.67089854534228,0.3964268908556253,True,False,False,False,False,False,True,False,True,False,False
85.0,72.54995630814713,0.3599172409276058,35.112702584459015,61.84883271010332,64.36786853814274,44.41734515331864,9.6879735645313,0.0,3.3595665918997533,2.5190358280394207,3.3595665918997533,False,False,True,False,False,True,False,False,False,True,False
100.0,57.55690005797869,3.3415037801842224,13.036283136136436,55.28433248688425,93.58373877917836,249.41857849199,24.24837181931027,2.0,0.2870808266989575,38.29940629229411,0.2870808266989575,False,True,False,False,False,False,True,False,True,False,False
75.0,21.030519654584147,2.84441668585701,8.332992518212054,16.00498510621164,70.4098916045716,157.67642915027503,35.80057735935224,2.081759465331221,0.12322690365744676,54.404906498359956,0.12322690365744676,False,True,False,False,False,True,False,False,False,True,False
62.0,16.47214029543078,1.7717153171269555,22.114456814246758,90.69939969167524,91.81780236135606,141.28878854232272,39.911736178054056,0.0,0.15495473168663734,1.118402669680819,0.15495473168663734,False,False,False,False,True,False,False,True,False,True,False
85.0,38.59965910016511,3.9114147215836215,31.47135995232412,52.90034739238265,72.17599402379142,116.30253762518768,2.03733962078266,6.0,0.16447441589854048,19.27564663140877,0.16447441589854048,False,False,True,False,False,True,False,False,False,True,False
85.0,26.566509231569366,1.0655562561532388,43.375916432063285,13.354201357160642,65.43262383674566,32.84066205433538,37.665443163360855,7.0,0.4155342820265075,52.07842247958502,0.4155342820265075,False,False,False,True,False,False,True,False,True,False,False
100.0,23.02231536206597,2.64563739765335,6.999032822023879,62.42090098406074,91.38325835262438,230.79684098303363,4.619965681193786,6.0,0.14503319932458433,28.962357368563644,0.14503319932458433,False,False,False,True,False,True,False,False,False,True,False
85.0,58.09105214274015,2.6494030406185662,7.069653277241604,42.03630469453958,99.21085072823868,39.4042422018901,-6.2488619963562,4.0,0.36543484986450264,57.1745460336991,0.36543484986450264,False,False,False,True,False,False,False,True,True,False,False
39.297422534529126,21.002230102472843,1.8634359746913332,26.2327228750375,32.27555920443467,58.86833854431998,216.6864603163302,37.19955857157731,7.0,0.18784502023608776,26.59277933988531,0.18784502023608776,False,False,False,False,True,False,False,True,False,True,False
62.0,36.3229254401527,2.005413957626917,19.413529706676293,22.320229882583984,89.40895162500289,254.269483754404,-1.5247863712947982,1.087110727705426,0.3018738791394388,67.0887217424189,0.3018738791394388,True,False,False,False,False,False,False,True,False,False,True
129.52415942251062,65.45087828663634,3.919259958790604,47.4435191653886,17.565958896665308,99.9408172627621,117.8599335482961,10.837702741330595,0.0,0.2783300885661461,82.37485836609679,0.2783300885661461,False,False,False,True,False,True,False,False,False,False,True
85.0,46.92333914698138,2.219335715828513,38.70199053243804,48.0560017004394,81.16068391004717,129.32515921274717,11.796331097082197,6.0,0.35238276339717084,33.104682209607766,0.35238276339717084,False,False,True,False,False,False,False,True,True,False,False
100.0,57.859669994397166,3.1047758548325763,40.17499281083346,43.72609898965084,96.35537303727936,129.61277558790152,-7.46238544382611,5.0,0.31059499246587435,52.62927404762852,0.31059499246587435,False,True,False,False,False,False,True,False,False,False,True
85.0,25.892596490424456,2.5747030476463624,23.43530217692562,36.57910927172929,44.08637268371391,75.87400701763998,-6.698703624027615,6.0,0.1676089501796715,7.507263411984624,0.1676089501796715,False,False,True,False,False,False,True,False,True,False,False
100.0,31.73110320047439,2.64898293412186,68.54260187297076,39.60719965721378,85.42662634465816,107.6823950190376,-9.30311606449408,1.0,0.19964330958712698,45.81942668744438,0.19964330958712698,False,False,False,False,True,False,True,False,False,True,False
100.0,41.27067550637497,3.4909127560735143,6.792363387650859,10.86844432855906,72.77003285819575,244.03178287529255,-8.037420442484514,1.0,0.19703860847745316,61.90158852963669,0.19703860847745316,True,False,False,False,False,True,False,False,False,False,True
75.0,41.95057477332522,1.020998813824791,39.25700470430688,89.07810182357422,96.16384199258748,44.225821881158815,11.050774885480116,7.0,0.6847963354657428,7.085740169013263,0.6847963354657428,False,False,False,True,False,True,False,False,False,True,False
85.0,46.412062022825936,0.851404001814604,28.155322376505964,19.46391120325772,67.77212935880982,87.22398823104606,-6.860000383855454,5.0,0.908539736010706,48.3082181555521,0.908539736010706,False,False,True,False,False,False,True,False,False,False,True
75.0,21.409576368254196,2.688747405717744,24.625701062345183,33.347001876837226,84.36688507744745,86.90488109479675,29.298692119115717,7.0,0.13271096870067794,51.019883200610224,0.13271096870067794,False,False,False,False,True,False,True,False,False,True,False
100.0,54.99600399457137,1.2462496848105056,23.093104580170717,57.08432709765952,88.92940041903762,11.215519610305956,3.2442471291325976,7.0,0.7354866988115307,31.845073321378102,0.7354866988115307,False,True,False,False,False,True,False,False,True,False,False
100.0,7.739028453603041,2.1044905591572047,36.45383942466944,77.5878565014895,99.5840325558417,100.993065560466,-9.7331719540477,6.0,0.06128980099188729,21.996176054352205,0.06128980099188729,False,False,False,False,True,False,False,True,True,False,False
62.0,11.48343148800489,3.621537943128784,21.479901891293174,35.53501680990728,91.07521077036716,267.40126313418483,-9.30581701543396,0.0,0.052847858508071284,55.54019396045988,0.052847858508071284,False,True,False,False,False,True,False,False,False,False,True
100.0,27.61163115157696,2.1747180096332643,41.06408281007833,27.5521263709905,68.84943482879109,95.48346782769497,34.20946138998912,6.0,0.2116108159714408,41.29730845780059,0.2116108159714408,False,False,False,True,False,False,True,False,True,False,False
85.0,15.254170728009932,3.308464005125461,6.762530033811055,42.74181829169473,88.23131388421965,263.8277791210288,-2.2583171498135663,5.166465086368807,0.07684417252426011,45.48949559252492,0.07684417252426011,False,False,False,False,True,False,True,False,False,True,False
85.0,45.06853330402873,1.7125795757007114,41.03311513860815,51.66193909108173,92.05776182737962,76.48391316423336,37.01416735411192,6.0,0.43860281436935755,40.395822736297895,0.43860281436935755,False,False,True,False,False,False,True,False,False,False,True
100.0,10.155212817693824,1.5201044618026391,41.18046160227635,28.835198378086417,76.29684375070215,156.08425441646537,7.541240675992974,1.0,0.11134336567952167,47.461645372615735,0.11134336567952167,True,False,False,False,False,False,False,True,False,True,False
75.0,54.99770543084315,3.4786292848725786,34.58457236976521,42.69807426210118,60.69092056799536,2.90836929516522,22.32525036030907,1.0,0.2635027618014668,17.992846305894183,0.2635027618014668,False,False,False,False,True,True,False,False,False,True,False
75.0,64.87047474097292,3.233908961731549,38.98816936527054,26.65071179350475,56.36477070018802,90.13480940146296,27.33409428258677,4.0,0.3343243708497336,29.714058906683267,0.3343243708497336,False,False,True,False,False,False,True,False,True,False,False
50.0,25.13233553126914,1.899860256838659,16.20549350507357,25.684348116376185,94.52863671218913,127.43001739522587,40.25549685924228,4.0,0.2204752993525341,68.84428859581294,0.2204752993525341,False,False,False,False,True,False,True,False,False,True,False
100.0,14.462719261155256,3.400121467770743,44.04035430259583,14.151779294810476,64.60719261026487,55.74477858323473,1.7816978525239922,2.0,0.07089314993716778,50.4554133154544,0.07089314993716778,False,True,False,False,False,False,True,False,False,False,True
100.0,79.41814361458415,2.448882988088648,40.53974347421139,41.24381173795679,60.46037412094381,54.66136458981261,-0.3803868203410356,6.0,0.5405059095709726,19.21656238298702,0.5405059095709726,False,False,False,False,True,True,False,False,True,False,False
75.0,44.41845305466813,2.3443707303892207,19.66302252368397,22.97712852618256,94.85638958345972,116.420531077901,36.38826993443427,2.0,0.315780922067828,71.87926105727715,0.315780922067828,False,False,False,False,True,False,True,False,False,False,True
104.91720077254024,74.02042766018057,2.686048358029112,31.703436019536827,37.01027816622928,80.97290503288538,171.66196515906168,17.890667690753563,5.0,0.459289495160672,43.9626268666561,0.459289495160672,False,False,False,False,True,True,False,False,False,False,True
85.0,36.50542214391232,2.2555252746725967,11.40879036693086,70.62591952243636,79.48964999225626,272.2977116361246,11.102328786021516,5.0,0.2697481199747829,8.863730469819899,0.2697481199747829,True,False,False,False,False,False,False,True,False,False,True
50.0,39.0670867855152,3.869592051198957,16.674739845440627,76.15030562077015,88.85898881746061,110.6957634034999,18.6174591219132,5.0,0.16826531181502122,12.708683196690458,0.16826531181502122,False,False,False,False,True,False,True,False,False,False,True
85.0,67.45124177150385,0.8496021129916236,45.01922284159334,36.06774243125904,61.52733401108259,277.48917187603246,20.70521874101495,0.0,1.3231927577250282,25.459591579823545,1.3231927577250282,False,True,False,False,False,True,False,False,True,False,False
62.0,56.888515995947614,3.002854685668635,4.866182245217335,24.393135728855853,64.47087617102001,153.07364355191757,29.95583091727802,4.0,0.31574685841139005,40.077740442164156,0.31574685841139005,False,True,False,False,False,False,False,True,False,True,False
62.0,47.01289216755188,1.666889947193717,32.3517607544628,27.334576091679416,82.10819943528537,18.72980948047723,15.723862443784828,6.0,0.470065947731984,54.773623343605955,0.470065947731984,True,False,False,False,False,False,False,True,False,True,False
75.0,73.61974524719619,3.512410977008963,25.276272098020304,36.21438191699346,85.98415765413446,253.8460155808637,36.1588452222002,2.0,0.3493314883000394,49.769775737141,0.3493314883000394,True,False,False,False,False,False,False,True,True,False,False
51.40198311559624,41.943586371262185,2.5369563233262555,11.336239337835234,18.607075567989952,79.10217892402866,192.7822601884345,-0.3092942770735867,3.0,0.2755505746893656,60.49510335603871,0.2755505746893656,False,False,False,False,True,False,False,True,False,False,True
50.0,37.1629261473043,2.5098001501468183,16.71357046527665,43.85212940109913,85.03959004546304,177.96993909111302,26.515870835747123,7.0,0.24678542728545097,41.18746064436392,0.24678542728545097,False,True,False,False,False,False,False,True,False,True,False
75.0,34.66100210237426,3.1763189433023564,20.939420194012936,27.06295343591448,96.5732929286612,207.7363874429275,5.413055945134586,2.0,0.18187196521653404,69.51033949274672,0.18187196521653404,True,False,False,False,False,True,False,False,False,True,False
62.0,29.379323254386147,3.713389685661965,9.761640088024611,53.30640620365728,57.5164175290219,269.37707955527657,26.351977889667808,7.0,0.13186210686795033,4.2100113253646185,0.13186210686795033,True,False,False,False,False,True,False,False,False,True,False
62.0,16.080974332847084,3.2688994137050384,36.72813141128639,12.688739217031737,82.08507354680322,208.89953672695228,38.07846357748428,0.0,0.08198974791243563,69.39633432977148,0.08198974791243563,False,False,True,False,False,True,False,False,True,False,False
75.0,7.557567403210105,1.5006720163824252,43.23390652289862,17.754276035274597,99.07140402400482,22.22200644715266,39.70275936848749,3.0,0.08393536718556989,81.31712798873022,0.08393536718556989,False,False,True,False,False,False,True,False,False,True,False
85.0,60.12372287224216,2.96901443494091,30.659343811920305,30.09851054515697,86.75793989597003,205.5531188351665,34.63224698985543,6.0,0.3375066271412877,56.659429350813056,0.3375066271412877,True,False,False,False,False,True,False,False,False,False,True
85.0,67.93942571536539,1.2230618926040728,17.89966430419242,46.180880806019246,57.46766554454359,109.00880040885484,5.543129286631091,3.0,0.9258106795494037,11.286784738524346,0.9258106795494037,False,False,False,False,True,False,False,True,False,False,True
85.0,68.55546011969274,0.6207460883241752,6.326355675537149,19.1958641680648,69.22304946268947,40.61263817128683,-7.031217903445266,0.9177196405838852,1.8406737045730335,50.02718529462467,1.8406737045730335,False,True,False,False,False,False,False,True,True,False,False
100.0,20.45364201596675,0.9197906435013752,26.50464266178465,57.96078635375154,73.66118680530789,200.1795138076923,7.501798525313916,1.0,0.3706213321563715,15.700400451556355,0.3706213321563715,True,False,False,False,False,True,False,False,False,True,False
100.0,9.716946683936513,2.3680969327218278,43.55543394226943,17.34015102606766,75.07974999789877,100.95890850691092,5.937826145838496,4.0,0.0683878726251302,57.739598971831114,0.0683878726251302,False,False,True,False,False,False,False,True,False,False,True
62.0,61.68434321639767,0.6743009901303187,13.412801608882669,86.66804504011142,87.83956713726477,277.8175211737991,37.44001253981505,6.0,1.5246490839962594,1.1715220971533427,1.5246490839962594,False,False,False,False,True,False,True,False,False,True,False
62.0,28.578878080059383,0.9772797884793448,18.89050926115035,25.487878220389383,91.46611949979288,268.4562979471927,17.67509365493429,3.0,0.4873881976100271,65.9782412794035,0.4873881976100271,False,False,True,False,False,True,False,False,False,False,True
62.0,21.13404477845307,3.8985181427387463,32.29204570108007,44.7142151570006,79.20117923596027,72.353761687005,-1.2121201955981975,5.0,0.09035076065939164,34.486964078959666,0.09035076065939164,False,False,True,False,False,False,False,True,False,False,True
85.0,46.76604426109744,0.8976082931589286,1.4725491393748178,18.361941725144952,58.12952778906229,122.10471099931809,6.270019136181286,7.0,0.8683454430609697,39.767586063917335,0.8683454430609697,False,False,False,True,False,True,False,False,False,True,False
87.48862386841733,17.759774553770676,2.715262624903961,42.822405097963895,17.018773150471347,77.27513131934126,175.12476057983207,28.11987387730742,0.0,0.10901201226283369,60.25635816886991,0.10901201226283369,False,False,False,True,False,True,False,False,True,False,False
100.0,21.069157575738828,3.724054728769408,28.509014979393807,37.96677199116324,66.651863202737,222.2882898379178,5.922050897982931,7.0,0.09429308961266263,28.685091211573763,0.09429308961266263,False,False,True,False,False,False,True,False,False,True,False
50.0,19.402523927112213,2.052873698794108,5.010837899876794,22.70527169388543,51.00979703867647,111.92290341716226,-9.275049108842106,6.0,0.15752328015852102,28.30452534479104,0.15752328015852102,False,True,False,False,False,False,True,False,False,False,True
85.0,44.87005617634201,1.587339770691813,41.419459031249644,39.4955529396218,81.20907646730309,63.19030760009094,7.066994360010764,3.0,0.4711242567051478,41.71352352768129,0.4711242567051478,False,True,False,False,False,False,True,False,False,True,False
62.0,46.21171801338653,3.413165992217541,48.97288766046728,28.23204060333597,72.28374893287089,36.73723678897388,15.69308559250257,4.0,0.22565421722214907,44.05170832953492,0.22565421722214907,False,True,False,False,False,False,False,True,True,False,False
62.0,57.03840397041998,2.1878805730584854,43.967390638822295,65.23313127161703,89.08926956209135,181.04511627258617,8.223442942415684,5.0,0.4345027228084694,23.85613829047432,0.4345027228084694,True,False,False,False,False,True,False,False,True,False,False
62.0,32.93955896020962,3.26383961973176,38.70625781494024,57.60771498741192,73.13541480508145,29.20698665500389,-3.485828978930491,2.0,0.1682045422875117,15.527699817669536,0.1682045422875117,False,False,False,False,True,True,False,False,True,False,False
75.0,63.023554629150055,1.328228592217343,8.5590068567144,42.4281627217739,74.74473036868736,190.23750037732717,-2.815440130297377,9.076121183934156,0.7908221395828989,32.316567646913455,0.7908221395828989,False,False,False,True,False,False,False,True,False,False,True
51.11291392372298,33.013974817380586,2.661667835438844,31.903997531199416,51.939978507349934,68.814308755249,20.47193247483592,18.7966227017896,0.0,0.20672486111787491,16.874330247899067,0.20672486111787491,False,False,False,True,False,False,False,True,False,False,True
100.0,64.30797977990255,2.4726580495940502,33.308467799457084,42.86107519126045,96.5701974188098,232.1110226457514,-7.676627701888041,6.0,0.4334605276998731,53.70912222754935,0.4334605276998731,False,False,True,False,False,True,False,False,False,True,False
75.0,4.288320356345183,2.459856158969858,38.84166727900306,16.673947376892286,66.46589651251593,107.39690671379375,-8.963939146552088,5.0,0.0290553598747894,49.79194913562364,0.0290553598747894,False,False,False,True,False,False,True,False,True,False,False
85.0,56.72762317734674,2.014009927511727,11.926340207761143,37.882243061092254,62.637588623060246,288.1981960891153,10.570690120918144,6.0,0.46944177055632075,24.755345561967992,0.46944177055632075,False,False,False,False,True,False,False,True,False,False,True
75.0,44.90995546867643,0.8939407757793052,16.749235956917815,32.675379156299975,97.14443980282022,14.12651758215478,27.186087399037447,6.0,0.8373029602086998,64.46906064652023,0.8373029602086998,False,False,False,True,False,False,False,True,True,False,False
85.0,13.876557599494063,2.1645209340146323,46.7592714538903,68.86492830529428,76.92841522505879,192.98821300367177,37.25231990107531,7.0,0.10684856697717865,8.0634869197645,0.10684856697717865,False,True,False,False,False,True,False,False,False,False,True
62.0,39.37124122897048,1.4113755476385768,26.037607462215725,85.47480341845245,86.87267358090577,79.7557017327573,27.347052433166567,5.0,0.46492753464098585,1.3978701624533159,0.46492753464098585,False,False,False,True,False,True,False,False,False,False,True
46.66953088747199,11.75852247006084,3.0422495619992893,34.72004456356924,14.287268227331143,70.94854751913894,272.88033984390114,-5.123045320963795,3.0,0.06441791526538143,56.6612792918078,0.06441791526538143,False,False,False,True,False,False,False,True,False,True,False
100.0,49.8977884122396,2.4015061649972056,44.04748117928701,56.776136362878844,72.15227538457333,233.24300716478712,18.00827452726469,2.0,0.3462950955495997,15.376139021694485,0.3462950955495997,False,False,True,False,False,True,False,False,True,False,False
85.0,64.60983161155823,1.2268943338915914,3.991359551432321,21.98287036518241,72.93984362354989,116.17711903418054,17.109240531180074,4.0,0.8776880755848799,50.95697325836748,0.8776880755848799,False,False,True,False,False,False,True,False,False,False,True
50.0,12.594888574055725,3.4204799604552063,13.286811651784502,70.24667677385645,87.17180458888146,67.62131034729012,34.24765263754184,2.0,0.06136998666691776,16.925127815025007,0.06136998666691776,False,False,True,False,False,True,False,False,False,False,True
50.0,8.11244782892836,1.6524584369903064,37.29155391458031,28.36900452157717,94.75699375152328,286.3428182030144,-8.483436369308658,1.9578939066077323,0.08182200579987467,66.38798922994611,0.08182200579987467,False,False,True,False,False,True,False,False,True,False,False
85.0,48.9611152601949,2.967570122040841,28.59951519129401,68.68646311087505,85.61471937832445,122.7506886568816,6.6590121495565455,4.0,0.27497870449939943,16.9282562674494,0.27497870449939943,False,False,False,False,True,False,False,True,True,False,False
62.0,34.38288065090023,2.52093306902836,6.558201297307768,51.16789790994329,88.32990473257357,108.5921418798638,-9.825102181584937,7.0,0.22731583709566966,37.162006822630275,0.22731583709566966,True,False,False,False,False,False,True,False,False,False,True
62.0,37.23027566973339,1.3158292480171974,4.302635825621664,66.89443080638873,90.57226050462458,207.1659351930572,9.714810900062302,6.0,0.4715692369892106,23.677829698235854,0.4715692369892106,False,False,False,False,True,False,True,False,False,True,False
85.0,28.079314202327826,0.851949340305673,25.576110372241647,25.388197818588495,91.34610764842,145.7988862804015,27.956887340129533,5.0,0.5493150213261346,65.95790982983151,0.5493150213261346,True,False,False,False,False,False,True,False,False,False,True
75.0,66.85109294209524,2.5875618711459563,20.271139390382576,24.351228207169505,61.21435182464796,297.8937853253713,35.225496991923336,4.0,0.4305925569520058,36.86312361747846,0.4305925569520058,False,True,False,False,False,True,False,False,False,False,True
62.0,32.34799932603372,3.9146817966881247,15.17023591981323,71.05173681313087,83.00801293723802,254.04364446976447,11.657679772471806,1.0,0.1377208544910793,11.956276124107148,0.1377208544910793,False,False,False,True,False,True,False,False,True,False,False
91.28885270753447,8.383690895109462,2.0002674427255034,40.17788477379544,75.61769581932225,76.10522265059508,283.73065488496775,18.406878991218072,3.0,0.06985474972025157,0.4875268312728309,0.06985474972025157,False,True,False,False,False,False,True,False,True,False,False
100.0,73.31591786048328,2.896990677126205,23.97348713940437,18.39015106792008,80.42568669204886,86.38453002432225,17.738683088849037,1.0,0.42179354389691587,62.03553562412878,0.42179354389691587,True,False,False,False,False,False,False,True,True,False,False
100.0,14.355208491625932,1.7662988795206973,47.80486645935545,13.134702560900068,53.73066045094701,274.7990199525856,21.976294160897577,2.0,0.13545469435238278,40.59595789004695,0.13545469435238278,False,False,True,False,False,False,True,False,False,False,True
85.0,74.7896950755514,1.8798623119420803,21.10837172285618,16.30623976881609,69.88709284489468,260.0043740481551,32.745897574028064,3.0,0.66307777437067,53.58085307607859,0.66307777437067,False,False,False,False,True,False,True,False,False,False,True
75.0,41.98075323406805,1.7321354425638893,14.090858743837904,14.258182790042476,60.36416529245368,156.73213771865275,15.617520571994522,4.814970203016184,0.4039402481899122,46.1059825024112,0.4039402481899122,False,False,False,False,True,True,False,False,True,False,False
91.77553027947226,66.82312116249,2.985954969992374,11.89627327539795,76.65817666174327,84.90230211496663,108.85225690019809,36.04195930468979,5.0,0.3729857607478737,8.244125453223361,0.3729857607478737,False,True,False,False,False,False,True,False,False,True,False
50.0,47.18840893514874,3.3301281116830976,5.340049724227951,17.56487802139744,54.49094700636411,156.46392580325875,5.107230642442021,3.0,0.23616913700505754,36.92606898496667,0.23616913700505754,False,False,True,False,False,False,True,False,False,False,True
100.0,46.29599734888577,2.153857223588153,10.600401685765078,72.22602916274909,84.03560603066902,89.60070046131247,9.89320650990976,6.817970665440446,0.35824099544042176,11.80957686791993,0.35824099544042176,True,False,False,False,False,False,False,True,True,False,False
75.0,37.10851773104313,2.9383941173028547,20.080307716207404,33.299940358533576,58.815738709345766,32.17691631628233,15.648673640514597,1.8964453073205336,0.2104807152571768,25.51579835081219,0.2104807152571768,False,False,False,False,True,False,False,True,False,False,True
85.0,23.92092196826273,2.1458063544955026,25.79660289623908,86.84411862438084,89.24746094399288,11.97092257648914,22.17022646695312,4.415774008975135,0.1857959046346996,2.4033423196120367,0.1857959046346996,False,False,False,False,True,False,False,True,False,True,False
85.0,40.63092350376829,2.7497394121507943,25.767194138166374,31.278431311471454,70.89589429940227,250.2821966735628,17.414579084848018,4.0,0.24627135771620595,39.61746298793082,0.24627135771620595,False,False,True,False,False,False,True,False,False,False,True
75.0,36.490277883670345,0.7047543150612254,5.949301763553466,64.22809474454678,76.17290419324496,241.98464368309695,36.04862346055762,2.0,0.862955054072053,11.94480944869818,0.862955054072053,False,False,True,False,False,False,False,True,False,False,True
85.0,67.56014288077881,2.8112366498993966,8.97054959336193,69.3146975661584,96.93664540216876,145.6653928623303,35.8188602256871,7.0,0.4005363196252471,27.621947836010364,0.4005363196252471,False,False,True,False,False,True,False,False,False,True,False
85.0,28.279857147188363,2.6937194091618064,13.226974760476542,62.57412042187828,88.35855052582593,190.6843550232037,12.38716532742395,0.0,0.17497403435935502,25.784430103947656,0.17497403435935502,False,False,True,False,False,False,False,True,False,True,False
62.0,28.86912479595657,1.1539207497704678,32.83003788863654,81.27280773777099,95.97179380144212,210.27725035738092,30.89722993782202,4.0,0.41697151214961503,14.698986063671128,0.41697151214961503,False,False,True,False,False,True,False,False,True,False,False
100.0,45.11780647869832,3.952704737753913,4.273735085390689,13.581959675481777,76.36656023654798,162.80604119894906,-3.858987596285049,0.0,0.19024022566859744,62.784600561066206,0.19024022566859744,False,False,True,False,False,False,True,False,False,False,True
62.0,26.29222408241131,1.778820810872269,3.593327631512293,40.476013818815545,69.66797732415742,177.81252667841642,32.06059184530071,2.0,0.24634506861428948,29.191963505341874,0.24634506861428948,True,False,False,False,False,False,False,True,False,True,False
75.0,51.63684234428119,0.7835521249094246,14.606984402944972,32.40961572811105,78.63615922559178,277.732606764294,31.302787524423408,0.0,1.09834944187132,46.22654349748073,1.09834944187132,False,True,False,False,False,False,True,False,False,False,True
85.0,44.81719081526413,1.0358587667958,12.546861495301147,66.40059792966022,88.70306595249613,174.92688876199773,-6.159650195104213,1.658013067443325,0.7210955819439909,22.30246802283591,0.7210955819439909,False,True,False,False,False,False,True,False,False,False,True
50.0,19.362005744810176,2.536249341680839,29.626242800392035,47.22523795880807,83.91200043508005,107.74848344345337,0.3746593402422871,7.0,0.1272351619549261,36.68676247627197,0.1272351619549261,True,False,False,False,False,True,False,False,True,False,False
75.0,55.39579143864877,2.253027295813109,31.554096556735363,12.98057685502397,61.21899271402144,163.25017153036194,29.71628091352946,6.0,0.40978784072429275,48.23841585899747,0.40978784072429275,False,False,False,False,True,False,True,False,False,True,False
50.0,22.016443610220865,1.2691575992195072,41.19625063945213,23.665610919342743,74.89872941823225,236.5735610243411,11.544380927607264,0.0,0.28912148267691234,51.23311849888951,0.28912148267691234,False,False,False,True,False,False,True,False,True,False,False
75.0,67.38186056016852,0.7992102307305,2.63696678953564,12.054790024376816,86.4902469957745,233.8834989699705,5.890056032833771,2.0,1.4051759676670568,74.43545697139768,1.4051759676670568,False,False,False,False,True,True,False,False,False,True,False
75.0,68.23834404896303,2.710437199046852,8.991499198950546,30.228181598609112,80.04374460476306,245.314668877854,11.712169604952358,7.0,0.41960231897249894,49.81556300615395,0.41960231897249894,False,False,False,False,True,False,True,False,False,False,True
75.0,42.91893733882982,3.1653954182663813,13.104480594253658,34.83463935826441,97.25178675418088,129.4031901986671,6.362088419350972,5.0,0.22597986279565452,62.41714739591647,0.22597986279565452,False,False,True,False,False,True,False,False,True,False,False
62.0,35.327332248586075,1.4716437603646677,44.67299945575187,51.41733330420172,73.33529424607988,128.32099334561258,29.212784494288904,3.0,0.40008926526068256,21.917960941878164,0.40008926526068256,False,False,False,False,True,True,False,False,False,False,True
121.2118923533745,66.70523645325736,1.8952201719593704,6.513656892904606,56.71797218306136,83.6461815329856,166.62444388661453,32.84721980697499,7.0,0.5866093857254788,26.92820934992423,0.5866093857254788,False,False,True,False,False,False,False,True,False,True,False
50.0,43.51234710063929,1.1812191146524962,26.13523981227178,17.369808651685883,95.17216451077678,141.16813211268564,21.078461325587387,3.0,0.6139468757445596,77.8023558590909,0.6139468757445596,True,False,False,False,False,True,False,False,False,True,False
75.0,38.5981394103895,1.369419618363992,26.562952201212457,37.92749853459692,75.10094365242409,298.319221457481,6.161191380180163,6.0,0.46976274830575837,37.17344511782717,0.46976274830575837,False,False,False,True,False,False,False,True,False,False,True
85.0,58.77314551651613,2.746555880784028,12.802289341306434,70.8802102208019,72.25262595365619,87.25015523286773,4.700463191367502,6.0,0.3566475498017711,1.372415732854293,0.3566475498017711,True,False,False,False,False,False,False,True,False,False,True
35.044354421165465,18.39971040043272,2.065520389554198,5.904189492591163,36.50968370288002,85.7697373307883,160.4171358204794,15.833470808710103,0.0,0.1484671086076274,49.260053627908285,0.1484671086076274,False,True,False,False,False,True,False,False,False,True,False
62.0,47.49230024226053,3.410300606205229,44.87220045649857,62.16113017351604,63.07947980040336,46.772157427623455,-5.253638201447788,7.0,0.2321022187694426,0.9183496268873199,0.2321022187694426,False,False,False,False,True,False,True,False,False,False,True
85.0,21.47142841095029,3.1162253455849,47.18975870041258,53.35164134135862,86.03135032630132,281.2570146793227,16.60261301916026,4.0,0.11483673370718216,32.6797089849427,0.11483673370718216,False,False,False,False,True,True,False,False,True,False,False
75.0,21.86794779138668,3.3833368265812283,29.88406599854634,43.8356488045344,61.372029465728886,229.7015932435815,35.01191454749671,2.0,0.10772376952234883,17.536380661194485,0.10772376952234883,False,False,False,False,True,False,False,True,False,True,False
85.0,66.89909636313753,2.7694854642977385,39.324141107074205,22.593136047374216,75.40468288713939,227.42716140391556,-4.073387952520587,6.0,0.4025964222449362,52.81154683976517,0.4025964222449362,False,False,True,False,False,True,False,False,False,True,False
50.0,40.05179662487088,1.0397449093656566,26.32801687036438,21.78035695349116,92.3319815886202,114.7560838987734,30.28535775941765,2.0,0.6420131877876708,70.55162463512903,0.6420131877876708,False,False,True,False,False,True,False,False,True,False,False
85.0,77.6778219726915,2.875962347601015,36.88376940480415,18.74774586385513,92.78183120974892,169.2012300844277,16.71941917567966,5.0,0.45015553395246694,74.03408534589379,0.45015553395246694,False,False,True,False,False,False,True,False,False,True,False
62.0,38.36041212940863,1.2969834264391895,38.34376389041496,72.50501027428835,86.30071771574521,281.0252124025229,5.501271668564232,4.0,0.49294400307958497,13.795707441456855,0.49294400307958497,False,True,False,False,False,True,False,False,False,False,True
75.0,6.337534264521747,0.9414062476062164,4.315961671253241,44.29225742818147,55.5236463027372,170.92055240618774,26.70894079525074,4.0,0.1121997770292522,11.231388874555726,0.1121997770292522,False,False,True,False,False,False,True,False,False,False,True
100.0,6.978771350415376,2.891860216001961,35.788923541786666,23.831531591573373,78.77996734336779,76.9515940823401,27.35537042917752,6.0,0.04022077387995623,54.94843575179441,0.04022077387995623,False,False,False,True,False,True,False,False,True,False,False
62.0,30.549130796547445,3.7469924581485192,31.23151272273644,59.65792096193613,75.65430435209912,121.4615969598033,29.50261342460304,7.0,0.13588289424901645,15.99638339016299,0.13588289424901645,False,True,False,False,False,True,False,False,False,False,True
100.0,76.06503880500838,3.7243685191469313,5.490322577166959,15.221759885479162,83.98306136985278,233.27340676216312,10.675410149056148,1.0,0.34039344931433335,68.76130148437362,0.34039344931433335,False,False,False,True,False,True,False,False,False,False,True
62.0,30.550011561630846,2.8343933534187222,8.831573588393466,44.70101950340489,95.1456417676959,135.03776920278438,29.81421521116753,7.0,0.17963874306520622,50.44462226429101,0.17963874306520622,False,False,False,False,True,False,False,True,True,False,False
75.0,44.75866737764865,3.489771200380064,19.40437242911404,28.44310337367307,98.27285715890731,293.2067592472771,3.858658638525674,5.0,0.21376123155186635,69.82975378523425,0.21376123155186635,False,False,False,False,True,True,False,False,False,False,True
75.0,59.15730847009105,2.866837148550388,19.101417092688408,14.433598941002616,54.77336503970236,276.608931979815,34.32752406146333,3.0,0.34391738702937175,40.33976609869975,0.34391738702937175,False,False,False,True,False,False,False,True,True,False,False
100.0,57.14555997083127,2.569753498142236,5.962444720986591,82.43318506688816,93.33593640782244,245.05461153227117,38.02009094304093,7.0,0.37062932308581203,10.902751340934287,0.37062932308581203,False,False,False,False,True,True,False,False,False,True,False
75.0,23.83688010187143,2.85364923342141,12.329512359502848,63.198836279094415,73.81270846074626,192.32269501445737,29.028763662192333,2.8254819703558147,0.13921869947374935,10.61387218165185,0.13921869947374935,False,False,True,False,False,False,True,False,False,True,False
85.0,47.060925633313786,2.4455488373877685,10.41398710364594,63.14412802079429,92.6389090142761,152.05684023287293,-7.163620818557389,6.0,0.32072504485047937,29.494780993481804,0.32072504485047937,False,False,False,False,True,False,True,False,True,False,False
75.0,27.1701708128166,3.3209390614009493,23.824644086480745,46.8217530357587,79.21389611788328,163.1287884196002,4.162485470728397,4.0,0.13635787102416133,32.39214308212458,0.13635787102416133,False,True,False,False,False,True,False,False,False,True,False
50.0,48.94232025145676,3.791622315899987,31.171170500929243,75.81068442529316,89.15464228804454,112.72952000249526,31.508322982992222,4.0,0.21513359442570482,13.343957862751381,0.21513359442570482,False,True,False,False,False,True,False,False,False,True,False
75.0,58.19728526882489,1.7620474180588634,6.50874515305308,25.84005873762033,83.11743200557254,221.2100281938695,19.90110938909792,5.0,0.5504702907195045,57.277373267952214,0.5504702907195045,False,False,True,False,False,True,False,False,True,False,False
85.0,41.97718283907795,3.196445552138501,49.308369400939775,11.415452890941662,88.49863229758265,260.4855529228803,8.216271168307653,5.0,0.21887427849868102,77.08317940664098,0.21887427849868102,False,True,False,False,False,False,False,True,False,True,False
85.0,8.527929006106092,2.9292312619958487,9.812104577010492,40.40203633436858,66.02532263428573,99.2324060472996,39.93000319748301,1.0,0.048521996861704136,25.623286299917147,0.048521996861704136,True,False,False,False,False,False,True,False,False,True,False
105.55496694435764,48.50288659256919,3.2569565894463173,43.60970746385774,28.208935069265067,64.31222001060793,94.94198697812332,23.88774269762121,4.0,0.24820147920574875,36.103284941342864,0.24820147920574875,False,False,True,False,False,False,False,True,True,False,False
62.0,52.53257448488719,0.7500343405308991,40.99044595574586,29.71940200562245,63.899161425123765,62.19603106163954,36.52061298064519,0.0,1.167337094807839,34.179759419501316,1.167337094807839,False,False,True,False,False,False,False,True,False,False,True
75.0,45.47118879513778,2.957746789429136,48.01145593400727,56.83137688293154,89.62384238551863,289.7879843555108,26.50442557179917,6.0,0.25622651313295824,32.792465502587085,0.25622651313295824,False,True,False,False,False,False,True,False,False,True,False
100.0,27.28221643798108,0.9998347402393436,24.478005326798822,54.573853324395245,74.28770014952136,130.78815463221682,-3.339891179312307,0.0,0.4547787639293633,19.71384682512611,0.4547787639293633,False,False,True,False,False,True,False,False,False,False,True
75.0,11.514718098963709,2.460808920693919,3.8023033275213214,18.886157164062443,82.46833405689074,234.87916492055172,-4.093359075721323,3.0,0.0779873507049645,63.5821768928283,0.0779873507049645,False,False,True,False,False,False,True,False,False,False,True
62.0,9.44816711008226,1.465804515944262,40.51570933543204,75.62404762261002,93.73758915768624,115.37806159223754,-4.807451278393612,2.8963606640999924,0.10742868514991817,18.113541535076223,0.10742868514991817,False,False,False,True,False,True,False,False,False,True,False
85.0,53.104493654248735,1.8580966641953,12.620547147036431,33.6601357810824,52.83378326682362,74.38140222321842,14.121318217820637,6.0,0.476334149504964,19.17364748574122,0.476334149504964,False,False,False,True,False,False,False,True,True,False,False
75.0,28.788056755331933,3.191827856187692,33.372714771158726,40.83054026198938,61.64756308118157,125.8286099263755,1.3097312422493097,0.0,0.15032168636289536,20.817022819192196,0.15032168636289536,False,True,False,False,False,False,True,False,False,True,False
101.10298785881888,7.275443511373867,2.6906032551566943,21.06032430839848,12.88478096498137,72.4517483132095,66.80027139939963,26.953658531337915,0.0,0.045066990692081574,59.56696734822813,0.045066990692081574,False,False,True,False,False,False,False,True,False,True,False
100.0,57.23283445266599,1.389640351950641,30.94275330829091,22.44089942066365,63.15177111448933,36.00389596159371,0.8305829090527883,4.0,0.6864226221353861,40.71087169382568,0.6864226221353861,False,False,True,False,False,False,True,False,False,True,False
100.0,10.420110802780291,1.229348211397581,18.89970325569965,54.97882573715829,59.780788575001054,143.56103568738638,21.293106505425005,2.0,0.14126877297217277,4.8019628378427655,0.14126877297217277,True,False,False,False,False,False,True,False,False,True,False
85.0,47.19744469005413,1.551271282498898,23.43002274979381,74.87748787760317,94.07356949467206,278.9265238402248,28.41994109024357,7.0,0.5070835043761133,19.196081617068884,0.5070835043761133,False,False,False,False,True,False,True,False,True,False,False
75.0,64.450811584597,3.998843750930618,21.47178993172093,46.22043610199324,89.43899158085306,231.19223169147637,18.966955539787385,1.0,0.26862269695499646,43.21855547885981,0.26862269695499646,False,False,False,False,True,False,True,False,False,True,False
75.0,26.179783257937025,3.805961295935017,25.857794702299618,66.53596712230103,81.32643859059355,243.87124463166649,-5.31850140094415,1.0,0.11464376199296668,14.790471468292523,0.11464376199296668,False,True,False,False,False,False,False,True,False,True,False
62.0,28.68467333811884,3.246572899301348,16.487468098425715,13.892462559930523,81.56870399845545,248.0224941305415,2.875158735218239,6.0,0.1472561694430235,67.67624143852493,0.1472561694430235,False,False,False,True,False,False,True,False,False,True,False
62.0,34.72671289756062,2.9597802593630083,24.021573950806896,80.99232289671558,94.75959997585818,264.7324232132674,-5.82983325167146,6.0,0.19554781016656936,13.767277079142602,0.19554781016656936,True,False,False,False,False,False,False,True,False,True,False
100.0,56.65756369693637,0.6132085077161415,21.069771396509864,84.61526142274654,88.99562892720596,151.96650872316795,17.367661723808453,0.0,1.5399211139441535,4.380367504459414,1.5399211139441535,False,False,False,False,True,False,True,False,True,False,False
50.0,5.583797770172537,2.8339269826645257,35.82084576495499,68.59711303472281,95.58825531366833,125.25857779948792,16.510934643362084,3.0,0.03283898870324525,26.991142278945517,0.03283898870324525,True,False,False,False,False,False,True,False,True,False,False
85.0,9.669665590124442,1.6215747563116645,37.51415163304576,48.38561451259521,71.20894956034991,145.13270890073923,-1.9450676176789048,3.6081348728532543,0.0993855463902928,22.823335047754696,0.0993855463902928,False,False,True,False,False,False,False,True,False,True,False
193.0030738908944,42.74479256756108,1.180162501458162,40.205987598054165,19.56303215617694,67.79633548104113,119.4883558366469,-4.172668306472096,4.0,0.6036568765565097,48.23330332486418,0.6036568765565097,False,True,False,False,False,False,False,True,True,False,False
75.0,58.281853729008496,2.280942968456774,32.976500057737226,34.459615544112054,84.48778807694728,205.39547022079915,26.12620097339281,5.48970015202478,0.4258608138168433,50.02817253283523,0.4258608138168433,False,False,False,False,True,False,True,False,False,True,False
50.0,47.88862466678341,4.2283057378742,26.4252189690936,82.18039755013481,83.00880488864827,235.8950309401682,36.40880980861047,5.0,0.18876207018266863,0.8284073385134576,0.18876207018266863,False,False,False,False,True,False,True,False,False,True,False
62.0,12.12848439962642,2.954305533429753,9.582158682023236,48.94788600827787,77.67619770811736,81.64473755406577,23.61939627308142,2.0,0.0684226476825393,28.728311699839487,0.0684226476825393,False,False,True,False,False,True,False,False,True,False,False
75.0,45.9092521544369,0.7087385462007003,26.312150401609657,40.71611726313112,97.28846478393484,194.2513955234278,28.40385151251196,5.0,1.0796000960801027,56.572347520803724,1.0796000960801027,False,False,False,True,False,False,False,True,False,True,False
100.0,27.8542104539734,1.8664816416786207,37.68861950326764,12.17065798944529,98.07896305795944,89.81454216199296,-1.6555380510473867,6.0,0.24872296117632595,85.90830506851415,0.24872296117632595,True,False,False,False,False,True,False,False,False,True,False
85.0,23.2226343840928,0.6564859609421378,5.406718024307384,17.513436634097637,97.23831329500736,214.20091795488923,22.91019950470565,0.0,0.5895692054801769,79.72487666090973,0.5895692054801769,False,False,False,True,False,False,True,False,False,False,True
50.0,21.308572550577523,3.735302162259872,28.04359239194004,78.29829103715065,91.71603560211943,198.7338105752665,-5.46532879033326,1.0,0.0950774155384784,13.417744564968785,0.0950774155384784,False,False,False,True,False,True,False,False,True,False,False
62.0,32.25299063735733,3.6496256877146847,71.6210409570786,45.41422996353133,78.6383229213933,25.05757787305148,-1.9255447355113608,4.0,0.1472890345345408,33.22409295786197,0.1472890345345408,False,False,False,True,False,False,False,True,False,True,False
100.0,77.29578007017075,0.6842951580787797,5.971664972824204,52.89673368546667,74.0491279791676,86.4568508507111,-8.892368362555017,5.0,1.88261305952599,21.152394293700922,1.88261305952599,False,True,False,False,False,True,False,False,False,False,True
75.0,26.493008140946493,2.11720414560859,7.148790446098545,55.39403574401752,56.75239993639017,261.41104964428166,19.67904953364568,5.0,0.20855340596148228,1.3583641923726475,0.20855340596148228,False,False,False,True,False,False,True,False,False,False,True
100.0,10.192259430922377,2.1936622255764453,14.435352434618428,14.184548280774854,71.74589400625973,298.9694610309599,-5.392329139958187,3.0,0.07743716809944824,57.56134572548488,0.07743716809944824,False,False,False,False,True,True,False,False,False,False,True
75.0,28.248510232660248,2.573551148931767,26.640176850452665,53.82003673204953,67.23316373441783,149.00427080858486,16.694086243987016,6.0,0.1829411877331813,13.413127002368299,0.1829411877331813,False,True,False,False,False,False,True,False,True,False,False
62.0,53.18988765045248,1.901457614097896,4.875602271353545,59.10391672336647,95.23017417720116,166.98175067619556,37.39510914830552,7.0,0.4662202938076642,36.1262574538347,0.4662202938076642,False,False,False,False,True,False,True,False,True,False,False
75.0,48.66355521084799,1.756271660885669,36.32372774760015,49.28268958934412,91.7460321625635,178.12130884759824,21.01240559446453,0.0,0.4618074023383858,42.46334257321937,0.4618074023383858,False,False,True,False,False,False,True,False,False,False,True
75.0,51.16176878981536,1.924572535667712,14.898359207134598,40.35911245487125,79.59600701886347,258.28967829086355,31.563179987120684,11.688592472503668,0.44305742220367283,39.23689456399222,0.44305742220367283,True,False,False,False,False,True,False,False,True,False,False
75.0,68.24465321163233,3.375570509411532,49.36125110170392,57.90799490448934,88.30938417267018,276.3925880192631,14.826203728258427,2.0,0.33695367455346836,30.401389268180836,0.33695367455346836,False,False,False,True,False,False,True,False,False,False,True
75.0,56.55292752021,2.6210352581150014,4.340098531957683,29.26035318542457,88.25311988557496,12.024294092276849,10.511561681861266,6.0,0.359609352482104,58.99276670015039,0.359609352482104,False,False,False,True,False,False,False,True,False,False,True
85.0,16.827771594461893,2.7388169441628936,14.511282307810957,30.615241986716526,82.46098167708193,199.3017716628444,25.964996849071653,6.0,0.10240292273108466,51.845739690365406,0.10240292273108466,False,False,False,False,True,False,True,False,False,False,True
100.0,6.0651617128073525,3.597765518900319,46.62351208569203,19.6468972894588,71.19100274361134,92.40439692859523,27.292127036877663,3.697095409121533,0.02809689181125034,51.544105454152536,0.02809689181125034,True,False,False,False,False,True,False,False,False,False,True
62.0,10.137709442892056,1.582369811687995,36.077844709089504,34.89212626163041,99.87119867405448,217.59663464578475,40.81674037559839,1.0,0.106777709483702,64.97907241242407,0.106777709483702,False,False,True,False,False,False,True,False,False,True,False
75.0,62.5376105258264,3.111666691610565,24.187852316655015,14.823808108603975,69.84305861012679,257.3131551501769,19.14983807143265,5.0,0.33496309600701274,55.01925050152281,0.33496309600701274,False,False,False,True,False,False,False,True,False,True,False
37.32971365145482,16.497212038654055,1.8113551144469375,9.554956967284827,50.5319393342964,93.95394941310784,225.2552691628917,31.79654964103584,0.0,0.1517943840965273,43.42201007881143,0.1517943840965273,False,False,False,True,False,False,False,True,False,False,True
62.0,41.76664809903056,4.592690577362033,21.83372402809416,42.35837562463637,51.49172570737395,14.592443203376243,38.812689198806495,6.0,0.15156927947241422,9.133350082737579,0.15156927947241422,False,True,False,False,False,False,True,False,True,False,False
75.0,38.711207157580986,2.9675602434122106,14.53360130974745,28.63084090639802,61.65789992683023,260.4883265203245,-6.359400393756955,5.0,0.21741320581172885,33.02705902043221,0.21741320581172885,False,False,False,False,True,False,True,False,True,False,False
81.36841583065208,57.97765788877307,2.8590803131057148,6.499187934882619,58.30868499503002,63.86610505130568,114.88329577828593,7.636850332176735,5.0,0.33797382106295837,5.55742005627566,0.33797382106295837,False,True,False,False,False,True,False,False,False,False,True
100.0,40.319061981322655,1.7436069251387414,11.767850572118778,31.093089045581024,86.58495949773607,99.18733328029695,0.534567342304225,7.0,0.38539900058145665,55.49187045215504,0.38539900058145665,True,False,False,False,False,False,True,False,True,False,False
50.0,47.19807479360746,2.861382945524818,44.336610351548224,65.47847010859027,84.22698702525429,86.60938167662027,4.251871253120745,6.0,0.27491412190170084,18.748516916664016,0.27491412190170084,False,False,False,False,True,False,False,True,False,True,False
100.0,22.515635144477624,3.5555598847937864,35.152484717746816,40.13578074348084,59.0683880135405,80.16440861055356,16.336447222789015,6.0,0.1055419112320922,18.932607270059663,0.1055419112320922,False,True,False,False,False,True,False,False,False,True,False
75.0,73.86936259559798,1.1968001428584762,26.086973082683723,80.69801215627292,88.20526202858028,180.45460214898844,21.29459053287136,4.0,1.0287064641548531,7.507249872307355,1.0287064641548531,False,False,True,False,False,False,False,True,False,False,True
50.0,12.010095267833266,0.7529595951441994,47.90206130269109,41.65702959664234,83.15672197368188,133.4464694872657,23.94913864573946,5.0,0.26584195985383985,41.499692377039544,0.26584195985383985,False,False,True,False,False,True,False,False,False,True,False
100.0,28.84698737447133,3.2937133901037967,11.027648410925542,41.58622013245012,89.99519636379434,298.6313760489738,-0.4641229060086598,4.0,0.14596993301008024,48.40897623134421,0.14596993301008024,False,True,False,False,False,False,False,True,False,False,True
85.0,76.58011323732995,2.678096541095572,41.12251368485552,31.36258701771961,93.5634261410211,233.21205778242185,14.086676394609956,1.0,0.4765829763926415,62.20083912330149,0.4765829763926415,False,True,False,False,False,False,False,True,False,False,True
100.0,73.80921664182601,2.3698694802298887,10.575938299260526,53.17181764242919,92.16041891997818,126.39596261084692,25.044906155295536,4.0,0.5190807430364348,38.988601277548995,0.5190807430364348,False,False,True,False,False,True,False,False,True,False,False
50.0,35.02666957024688,1.7395210907802483,22.02798564744779,26.276244042338213,59.19858803719168,208.480534386268,-8.712180412971101,2.0,0.33559686586434684,32.92234399485347,0.33559686586434684,False,False,False,True,False,False,True,False,False,False,True
85.0,35.89954921191294,1.772447028536855,12.511897274758086,16.492752871489138,53.08457255348556,150.27721019402796,15.055827451562273,4.0,0.3375704946694309,36.59181968199642,0.3375704946694309,False,False,False,True,False,False,True,False,False,False,True
62.0,48.330182762063146,2.1541462302194883,14.812569888092858,56.27459504161595,65.98703032632432,229.18283499002163,18.03247339232625,4.0,0.37393146051756765,9.712435284708363,0.37393146051756765,False,False,True,False,False,False,True,False,False,True,False
50.0,40.736704801536966,2.534525414269769,9.86675920918086,33.926486820365405,67.69533120051153,119.09691886890435,13.546928925511413,0.0,0.2678785843704902,33.76884438014613,0.2678785843704902,False,False,True,False,False,True,False,False,False,False,True
62.0,11.579770802296697,3.616099729122279,9.634031616098616,26.10515607453083,71.39910279009044,157.6119289766852,36.03822598164686,1.0,0.05337136542003598,45.29394671555961,0.05337136542003598,False,False,False,False,True,False,True,False,False,False,True
64.77070141320091,15.567795776598764,1.2220213527532722,49.63914436226428,54.12444090003636,58.52857766030961,31.59653167187535,35.69778871943199,6.0,0.2123230190362302,4.404136760273246,0.2123230190362302,False,False,False,True,False,False,True,False,False,True,False
50.0,36.63162352131471,0.9743935458179288,17.498632754951903,35.9754285280013,56.839656732416486,59.09663915051596,-1.759567562648181,5.0,0.626571328708964,20.864228204415184,0.626571328708964,False,False,False,False,True,False,True,False,True,False,False
61.460885466440864,17.218744475121433,0.9575211163253374,47.74613739345097,53.67177394795412,76.20126915952576,20.49469516445374,20.018750076215888,1.0,0.299710439480115,22.529495211571643,0.299710439480115,False,False,False,False,True,True,False,False,False,True,False
50.0,48.14596961410625,2.8673634929295204,15.521661798949124,16.537180562904386,99.98486048295344,33.087139185236886,32.227384127689525,0.0,0.27985040225295726,83.44767992004905,0.27985040225295726,False,False,False,True,False,False,True,False,False,True,False
62.0,25.12116466546159,1.010506969032026,32.09365177234676,58.39027846003522,93.64930681962036,272.2871845279422,-6.052887853779801,3.0,0.414332696941968,35.259028359585145,0.414332696941968,True,False,False,False,False,True,False,False,False,True,False
85.0,67.90283934003946,0.835318745254099,41.06704109745447,45.58232565725287,87.80206968570528,120.3675121015226,25.58518972726768,1.0,1.3548289146275498,42.2197440284524,1.3548289146275498,False,False,False,False,True,False,True,False,False,False,True
85.0,43.254517140810776,3.210764372243644,19.278035722978235,16.42986703126396,85.24212847364188,156.19622550598012,27.8175569749438,1.0,0.22452865904630384,68.81226144237792,0.22452865904630384,False,False,False,False,True,False,True,False,False,True,False
85.0,43.825900117321794,3.1281282303575897,41.83746249782165,37.69447403277616,77.12655441859508,29.944440520906667,33.54685712930036,7.0,0.23350438819400032,39.43208038581892,0.23350438819400032,False,False,True,False,False,True,False,False,False,False,True
75.0,74.82644569097782,1.398582211214841,43.13328345657307,23.72599550105088,53.81369932194329,238.7435606565687,30.955968944199924,3.043569798496577,0.891694044284817,30.08770382089241,0.891694044284817,False,False,False,True,False,False,False,True,False,False,True
62.0,10.241885891596077,1.394747102580713,29.216213685823107,14.961669635907109,70.51180081437839,295.9150268898221,18.15385475237356,3.0,0.12238641534183776,55.55013117847128,0.12238641534183776,False,False,True,False,False,True,False,False,False,True,False
62.0,8.353019856414647,3.4304844579467044,34.719681724361955,13.142563107472808,97.25962097296544,42.55134218801984,2.819187376633357,7.0,0.04058231404733962,84.11705786549263,0.04058231404733962,False,True,False,False,False,True,False,False,False,True,False
58.36980451713409,40.76283311435537,0.938436579463628,41.33293546359443,57.81468020270049,87.2706866811988,196.5140061601193,35.54952433115825,3.0,0.723949350199274,29.45600647849831,0.723949350199274,False,True,False,False,False,False,True,False,True,False,False
85.0,18.89056337329201,1.4187837431940964,17.00535033559547,54.31147107328103,57.65603262904937,73.25683049364379,32.95043053419288,2.0,0.221910297745164,3.344561555768344,0.221910297745164,False,True,False,False,False,True,False,False,False,True,False
62.0,12.814363147239058,2.588535180640522,27.381994351172008,66.46134154461114,68.41309481751257,251.17135317316607,22.61418258510924,1.0,0.082507172673544,1.9517532729014277,0.082507172673544,False,False,True,False,False,False,True,False,False,True,False
75.0,8.918418777562092,1.556936695800068,16.241963359211958,16.990405001559274,55.82664102960632,15.21342604109595,9.113968186390393,1.2086330827192395,0.09546972164015051,38.83623602804705,0.09546972164015051,False,False,False,True,False,False,True,False,False,False,True
75.0,7.8588683891368705,3.361128705788364,4.830371677364436,81.86550346623888,96.13231206914588,284.6536204721152,23.69545557275726,0.0,0.03896939132184341,14.266808602907005,0.03896939132184341,False,True,False,False,False,False,True,False,False,True,False
75.0,70.17135459506048,3.8279458316010713,12.962522175124477,11.95265428740866,52.68266543699139,155.72507105533435,1.496106620534535,3.286324572194227,0.30552223778338533,40.73001114958274,0.30552223778338533,False,False,False,False,True,False,False,True,True,False,False
62.0,15.187432130994928,2.734597570509603,13.080022985194764,11.88322274236719,59.52963307240878,252.85110656388096,36.99991588152188,2.0,0.09256348048416677,47.64641033004159,0.09256348048416677,False,False,True,False,False,False,False,True,True,False,False
85.0,77.8613161281733,0.7065366457805022,30.14418743877484,63.10434295286288,66.61241345662742,20.65567779666782,0.7865344167262283,0.0,1.836689731362315,3.508070503764543,1.836689731362315,True,False,False,False,False,False,True,False,False,False,True
62.0,37.189293647002586,1.228841335073204,3.856692166975177,49.06955895638808,85.10116940945218,269.1480889624259,19.856611575428744,0.0885982577498181,0.5043951103308653,36.031610453064104,0.5043951103308653,False,False,False,True,False,False,False,True,True,False,False
62.0,25.71192392672169,2.3093277171746265,32.62090777265186,37.0929556989178,84.74088765106924,190.28182293406505,8.00517234052586,5.0,0.1855657221183202,47.647931952151446,0.1855657221183202,False,False,False,False,True,True,False,False,True,False,False
50.0,9.086246707562893,2.010057473078036,14.088726040982015,50.005700053904,64.8118366437775,278.4282293628509,-8.983604992720508,5.0,0.07533985826492284,14.806136589873496,0.07533985826492284,False,False,False,False,True,False,False,True,False,False,True
100.0,53.648424429654725,3.4085422116998423,47.29035525269705,21.455270566975216,98.16391585359358,292.8722924029989,12.025622631533851,2.0,0.2623234073768456,76.70864528661836,0.2623234073768456,False,False,False,False,True,True,False,False,False,True,False
100.0,71.16250433532748,1.2026073220933535,44.7448626480689,48.963543957597054,92.57237250489908,287.06397976246177,3.706865682142661,3.7340553096703446,0.9862252766410956,43.608828547302025,0.9862252766410956,False,False,True,False,False,False,True,False,True,False,False
100.0,8.75167001874184,3.1355357024066897,11.595383272812684,53.35718299408809,91.29317175718576,49.68197927195274,4.854309132964509,0.0,0.0465187390043349,37.93598876309767,0.0465187390043349,True,False,False,False,False,True,False,False,False,False,True
100.0,31.888072339650037,1.388571419069791,39.8371740806264,23.174795172887475,56.489990040667,124.72108285311188,15.848155124176898,4.0,0.3827443551182501,33.315194867779525,0.3827443551182501,False,False,False,True,False,False,False,True,False,True,False
100.0,72.79850067918807,3.6753647417642448,15.442091209962834,85.32324000436734,90.16605635118688,172.5314754441898,24.182121524307966,5.0,0.33011916636897465,4.842816346819546,0.33011916636897465,False,False,False,True,False,False,False,True,True,False,False
85.0,67.88757428323595,1.945335136351206,30.12670190711655,32.61214548046976,58.444104327586665,249.5432916448901,16.005488635856537,3.0,0.5816270678735095,25.8319588471169,0.5816270678735095,True,False,False,False,False,False,False,True,False,False,True
75.0,41.24835865229704,2.82761116595746,32.95083718392784,18.35214738423309,50.601029508862496,154.34561667139718,3.221734497771365,5.0,0.24312842320106093,32.248882124629404,0.24312842320106093,False,False,False,True,False,True,False,False,True,False,False
100.0,35.024111186545994,0.9186724236081418,32.092788481760344,15.989490353813975,91.81341991459188,120.73231381977114,14.619838264589935,4.7894567048392,0.6354116782451984,75.8239295607779,0.6354116782451984,False,False,False,False,True,False,True,False,False,False,True
100.0,54.91320565679101,2.0404564639583023,7.600372847699663,40.234728507604245,86.30040219514237,57.95464278230427,2.765501689562982,1.0,0.44853693790869,46.06567368753812,0.44853693790869,True,False,False,False,False,True,False,False,True,False,False
75.0,51.02335300165405,3.034842753846944,45.80149944059677,50.76235573046623,61.774039782538246,270.619295910448,11.007994868332403,1.0,0.2802086584605701,11.011684052072013,0.2802086584605701,False,True,False,False,False,False,True,False,True,False,False
140.7620615787216,60.08034819074353,2.0783051276167948,46.15424524259217,37.69074850745198,93.80110629341414,221.89677790062672,-10.724769747493202,6.0,0.4818056421102294,56.11035778596216,0.4818056421102294,True,False,False,False,False,True,False,False,False,False,True
100.0,47.20021555132315,4.146497950188242,43.11477983426108,36.35120734538151,90.2573686552208,85.60223413230133,37.584918673609,5.0,0.1897191964493811,53.90616130983929,0.1897191964493811,False,False,False,True,False,False,True,False,True,False,False
75.0,18.529060697578466,2.336419694967444,6.3463350749875405,49.89280166549236,52.1070778523994,187.58147365293516,38.79052519670133,1.0,0.1321756013947989,2.2142761869070426,0.1321756013947989,False,True,False,False,False,False,True,False,False,False,True
75.0,20.026313858630445,1.826933687468276,41.61784215307051,20.45340920756221,35.9740790187295,190.8004696386405,25.25712194742985,4.0,0.18269513553410602,15.520669811167288,0.18269513553410602,False,True,False,False,False,False,False,True,False,True,False
100.0,47.99575165649026,2.6912705186964616,39.154830349071936,54.78679099648707,78.98374139159887,292.6977231822368,17.588065382112188,2.0,0.2972310619529581,24.1969503951118,0.2972310619529581,False,False,True,False,False,False,True,False,False,False,True
100.0,60.70480470905676,3.0724875340310067,8.364823050543798,51.67016366064856,69.68809606416363,156.638374982024,50.54394308994468,6.0,0.3292923840844901,18.01793240351507,0.3292923840844901,False,False,False,False,True,False,True,False,False,True,False
50.0,35.84392988591518,0.5841349456705043,8.057717582270522,22.809563778884243,94.52158774685414,219.1032925273127,-9.079100594239849,6.808033448075264,1.0227068862421684,71.7120239679699,1.0227068862421684,False,False,False,False,True,False,True,False,False,True,False
75.0,44.87557340248862,1.6791984280701115,9.76614988041083,62.89081175346798,65.64834863502412,245.35532264165812,22.96664351452421,4.06268814898258,0.4454066957616174,2.757536881556142,0.4454066957616174,False,False,True,False,False,False,True,False,False,True,False
75.0,61.56734925121615,3.710275407997624,41.31627181654345,17.25267949273368,58.87841174048256,279.5167461006761,-2.209581899400622,1.0,0.276562350414319,41.625732247748886,0.276562350414319,True,False,False,False,False,False,True,False,False,False,True
50.0,24.797064059890324,3.820788493955309,36.21828322200848,20.93846607324868,31.804021005309064,51.63972833826092,23.35039451272079,7.0,0.10816730673577195,10.865554932060384,0.10816730673577195,False,True,False,False,False,False,False,True,False,True,False
62.0,22.572882450288343,2.96014748988195,25.291575946285857,51.55000841686424,74.1444021005201,49.07601045956073,24.4117939298946,0.0,0.1270932305875776,22.59439368365586,0.1270932305875776,False,True,False,False,False,False,True,False,False,True,False
85.0,76.44990710737748,2.272736336714355,20.552317280826657,18.761399355388733,62.33419326937786,42.6202888880497,32.60796419574568,3.0,0.5606304162401539,43.57279391398913,0.5606304162401539,False,False,False,True,False,True,False,False,False,False,True
62.0,51.492346382026085,3.911579304355655,35.21951803944553,62.1223748292006,81.29379863432871,32.48464488487498,-4.123444524751449,5.0,0.219401348217108,19.171423805128107,0.219401348217108,True,False,False,False,False,False,True,False,False,False,True
100.0,55.78259572680235,1.27970949093876,5.592196058327311,50.33758928795222,86.23333848335864,50.905417887353146,15.806771803246086,1.0,0.7265007686221263,35.89574919540642,0.7265007686221263,True,False,False,False,False,False,True,False,True,False,False
73.85002716229796,37.05562159282365,1.6833729720021182,7.32241853947061,34.2183195177556,63.34809700506103,23.61819796352825,5.664612657982779,7.0,0.36687870334474537,29.129777487305425,0.36687870334474537,True,False,False,False,False,False,False,True,False,False,True
75.0,44.76974192287614,0.640695419402568,20.59023557865744,64.11014685239297,90.55214709137564,168.5338077245869,24.258156107045014,2.0,1.1646132355324879,26.442000238982672,1.1646132355324879,False,True,False,False,False,False,False,True,False,True,False
85.0,5.01388964715821,1.0123391282300591,46.87510964459352,12.62370186996878,93.11447872975644,139.93870040625902,1.6027160845373398,1.0,0.08254627833929414,80.49077685978766,0.08254627833929414,False,False,False,True,False,True,False,False,False,False,True
75.0,40.257196883863706,1.4415487593554557,17.9473945941715,28.841329486807112,85.27530270966454,61.05376918138752,31.602356878363917,6.0,0.46543918618314695,56.43397322285743,0.46543918618314695,False,False,True,False,False,False,False,True,False,False,True
85.0,54.884964513779416,3.036137884500907,15.014209056333913,88.5078973669725,94.47219864187504,139.54353300381808,2.5905175226939665,5.0,0.30128717580076597,5.964301274902539,0.30128717580076597,True,False,False,False,False,False,False,True,True,False,False
100.0,55.655332785147046,1.6789749892738182,30.40482981653153,11.012541616949,59.81651119957803,179.43171434764614,16.052798431611368,2.0,0.5524733159685999,48.80396958262903,0.5524733159685999,True,False,False,False,False,False,True,False,False,False,True
85.0,48.75767260331637,2.516886532810073,34.48123071791808,18.65763388539243,51.64785974327156,182.12407671444493,30.57894722254161,5.0,0.32287028681211566,32.99022585787913,0.32287028681211566,False,False,False,False,True,True,False,False,False,False,True
85.0,72.95818104852783,2.917826685071239,29.990454827284875,40.21207606713552,62.26959799670035,256.2701112846916,12.987388532512288,3.0,0.4167381463619874,22.057521929564828,0.4167381463619874,True,False,False,False,False,False,True,False,False,False,True
62.0,56.52037667500273,2.296980267769662,12.888588103956373,31.16795633197735,68.26436301399724,114.189579473058,19.103153183928203,1.0,0.41010638669150956,37.09640668201989,0.41010638669150956,True,False,False,False,False,True,False,False,True,False,False
62.0,51.08539266561558,0.9497561025934448,25.838487850720156,44.70187213283778,82.62853909687317,121.43529271974012,16.953094518284065,0.0,0.8964651122205588,37.92666696403539,0.8964651122205588,False,True,False,False,False,True,False,False,False,False,True
62.0,36.26259614170952,2.0123601409406984,38.14908200155225,58.31902030658071,67.00704755875644,85.38239413894216,-0.4950766029761606,1.0,0.3003322268544354,8.68802725217573,0.3003322268544354,True,False,False,False,False,True,False,False,False,True,False
88.86922406551787,20.17078858180017,2.4504515660490878,40.42078195542164,31.556926298671403,97.82793195403904,96.25331245523712,2.844132917910557,2.0,0.13719096282270088,66.27100565536765,0.13719096282270088,False,False,False,False,True,True,False,False,False,True,False
100.0,78.16770975170616,2.1284750020420256,48.99622283601657,37.68136593844876,72.0489313914754,214.6210023799617,-4.1366317228707175,1.0,0.6120791464680368,34.36756545302665,0.6120791464680368,False,False,False,True,False,True,False,False,False,False,True
85.0,76.95348907902107,3.44323713106448,36.810730035560326,66.79198381822985,76.5041067060289,36.39737625161223,9.262327033861766,7.0,0.3724861525643788,9.712122887799055,0.3724861525643788,False,False,False,True,False,False,True,False,False,True,False
100.0,51.737131530843484,1.3552852998469738,26.691946660730032,42.492679191266,93.29904644891742,252.93675896839335,15.612401539347978,3.0,0.6362391192551261,50.806367257651424,0.6362391192551261,True,False,False,False,False,True,False,False,True,False,False
75.0,41.88651470928026,3.741115940973061,23.022124692445743,59.31521139741232,94.75305519244928,88.91725661150893,7.809076958418935,3.0,0.18660436872384847,35.43784379503696,0.18660436872384847,False,False,False,True,False,False,False,True,True,False,False
85.0,71.95569072472664,1.6557431785415109,39.21578542752447,30.700917810684565,98.23729456819592,263.0610040864517,12.970249709301845,7.0,0.7243040633482584,67.53637675751136,0.7243040633482584,False,False,True,False,False,False,False,True,False,False,True
100.0,39.93276466234457,2.7059188482942824,49.1166092730102,43.60824251245972,54.32016802359381,327.39309338387187,8.663582494800384,5.0,0.24595936353570988,10.71192551113409,0.24595936353570988,False,False,False,True,False,True,False,False,False,True,False
85.0,30.576281983940227,1.0137325257252732,49.46138235507399,12.8658870056468,85.47800524874069,260.142973509451,19.092544204723293,6.0,0.5027013406398708,72.61211824309389,0.5027013406398708,True,False,False,False,False,True,False,False,True,False,False
62.0,60.71815399652918,2.1941605658613272,18.49490674734526,35.26718110379237,59.63373277625455,84.02663481881574,2.3943156992031227,0.0,0.46121019993732015,24.36655167246218,0.46121019993732015,False,False,False,False,True,False,False,True,True,False,False
85.0,50.92256838738107,2.7450650696414844,43.40930150579623,15.914269190929192,82.3447958446385,120.88478365972466,12.462636502589325,4.0,0.3091764499534659,66.43052665370931,0.3091764499534659,False,False,False,False,True,True,False,False,False,True,False
100.0,58.92443565485458,2.201157760691302,33.527215373664504,40.21147092624306,58.32742248927915,95.64435151967814,4.837412072025576,2.0,0.4461624446547968,18.11595156303609,0.4461624446547968,False,False,True,False,False,False,False,True,False,True,False
50.0,31.102261453118967,0.9938422875012384,40.14362962979752,55.59176313362416,99.5051397056067,10.93101298458777,13.781809865463828,0.0,0.5215827810285276,43.91337657198253,0.5215827810285276,False,False,False,True,False,True,False,False,False,False,True
75.0,27.694411449808683,1.4021806040177809,47.32624673908941,27.04373974177269,65.83029628276724,32.83172854820101,19.265184430729654,6.0,0.32918264797052127,38.786556540994546,0.32918264797052127,False,True,False,False,False,False,False,True,True,False,False
100.0,50.51448558506964,2.2287292590734094,19.086494735500263,12.870374543107925,50.66155353918523,121.0998380635724,29.292791812955898,2.0,0.3777525195835209,37.791178996077306,0.3777525195835209,False,False,False,False,True,False,True,False,False,True,False
62.0,20.84637781774533,1.4997710475131931,26.5778147612731,61.833523772810935,85.03607836550964,139.37076700591442,-2.376886289788956,4.0,0.23166177989090642,23.202554592698704,0.23166177989090642,False,False,False,True,False,True,False,False,False,False,True
58.33515981855699,39.6867657804195,1.4029154025306867,4.3193301269317,37.05047750954196,86.27388445512443,103.75151953046056,4.3384480282762965,6.0,0.47147967379013567,49.22340694558247,0.47147967379013567,False,True,False,False,False,False,True,False,True,False,False
50.0,6.818019426679227,3.061664696545612,17.694894017570398,21.38977950280133,50.8557292936082,244.39085485363128,37.48726740198843,3.0,0.03711499082166967,29.46594979080687,0.03711499082166967,False,True,False,False,False,False,False,True,False,False,True
76.33659054812139,16.376371083048106,0.8639844960966747,33.30056555155114,70.55175016871056,76.77538776743103,193.3986937353374,3.32494483529693,0.3556527874409498,0.31590788872241693,6.223637598720472,0.31590788872241693,False,True,False,False,False,False,True,False,False,True,False
100.0,38.00957724097448,2.83023631240392,6.590228457006733,48.29442033601399,98.25239498716788,233.16995576223036,-4.148661344077772,1.0,0.22383040993427541,49.95797465115388,0.22383040993427541,False,False,True,False,False,True,False,False,False,True,False
75.0,51.89127939896392,1.8541792518952216,29.900892186844303,15.751627241160556,57.05048211192729,74.53081530847757,33.35723142905603,3.0,0.4664353005597492,41.29885487076673,0.4664353005597492,True,False,False,False,False,False,True,False,True,False,False
62.0,9.889982502961283,1.6137816723307057,40.44087745654424,14.647732319215194,62.33236181674138,20.01943657169005,19.95036063508279,0.0,0.10214085619026836,47.68462949752619,0.10214085619026836,False,True,False,False,False,False,True,False,False,True,False
75.0,18.30737391871987,6.7730953274048815,23.91551161182956,14.150088479759331,82.19616739046829,226.7294724486238,13.584474481065872,7.0,0.04504925501502417,68.04607891070896,0.04504925501502417,False,True,False,False,False,True,False,False,False,True,False
75.0,41.74488149336455,2.60786075221863,11.144567690649613,26.09080885412256,66.72274076075291,166.76531932006355,19.75721265194322,6.0,0.26678879395592864,40.631931906630356,0.26678879395592864,False,True,False,False,False,False,True,False,False,False,True
75.0,39.152310092112536,1.3156156867258408,9.938104195050748,14.671390433943747,60.1161429061504,232.77720198468091,32.05147860509171,4.0,0.49599477120797697,45.44475247220665,0.49599477120797697,True,False,False,False,False,False,True,False,False,True,False
75.0,37.1185672622842,0.563718560861195,8.690646595879642,39.79613148030942,91.68222793303246,18.941504107479027,-0.5426394244535891,5.404853321424032,1.097432000038519,51.886096452723045,1.097432000038519,False,False,False,False,True,False,False,True,True,False,False
100.0,35.34544122101473,2.1133442993961395,20.00393210023944,21.960265246418267,69.3035164553931,81.97014674442858,-7.257652153666562,2.0,0.2787480900226419,47.34325120897483,0.2787480900226419,False,False,True,False,False,True,False,False,False,False,True
75.0,37.97418005443737,1.7436765227430318,4.275219135924531,35.798300297564126,64.90655620413222,299.75987819900564,18.32971351190968,1.0,0.3629704206326355,29.10825590656809,0.3629704206326355,False,True,False,False,False,False,False,True,False,True,False
50.0,29.98141610704047,0.6619795782123663,7.851718359790319,45.77227393548064,71.41642377003204,96.1252348519423,-0.6363455823008923,6.0,0.7548424224808509,25.6441498345514,0.7548424224808509,False,False,False,False,True,False,False,True,True,False,False
62.0,6.006718634009571,2.335712156570332,35.128246837314904,23.705260306623856,58.83172596149558,191.86788286860224,4.788927799468437,7.0,0.04286143605147535,35.12646565487172,0.04286143605147535,False,False,False,False,True,False,False,True,False,True,False
50.0,6.623592694043594,2.700212559659974,19.75648055679933,24.96361309359425,68.640672558889,174.81861111455189,28.617521055662166,7.0,0.04088315609542034,43.67705946529475,0.04088315609542034,False,False,False,False,True,False,True,False,True,False,False
100.0,11.431328818332826,1.937482885661684,67.9346789314074,12.42991030172564,91.4909780419121,166.55459643473677,21.34994476159788,0.0,0.09833487995283487,79.06106774018646,0.09833487995283487,False,False,False,False,True,False,True,False,False,True,False
75.0,59.21757555858335,1.6027506934963118,41.42637793106033,42.29926372011892,56.840099035157095,222.9641230412516,20.42209326152622,7.0,0.6157910875646281,14.540835315038173,0.6157910875646281,False,True,False,False,False,False,False,True,False,True,False
75.0,40.85727641136661,2.539533442160372,6.498801921119486,13.959547122719016,64.56353579175058,33.990276159224905,3.3129340256379187,1.0,0.2681416182796256,50.603988669031565,0.2681416182796256,False,True,False,False,False,True,False,False,False,False,True
62.0,56.06964024826272,3.590900004760119,47.96329395566978,38.2703909545761,40.62863808269988,219.2441197239257,-5.191914818453904,4.0,0.2602394950845028,2.3582471281237787,0.2602394950845028,False,True,False,False,False,False,False,True,False,True,False
50.0,17.47337751568118,0.8345780770594409,25.79263544269118,64.00404985170908,93.61414444510086,167.68945879128847,9.462508078784246,5.0,0.3489463318049087,29.61009459339178,0.3489463318049087,False,False,False,True,False,False,False,True,False,True,False
75.0,26.22106760279984,1.1138600482698042,29.5358934103807,45.5548487819631,63.62752663271483,30.1575860269307,35.50986903982761,0.0,0.3923453346395102,18.07267785075173,0.3923453346395102,True,False,False,False,False,False,False,True,False,False,True
100.0,55.40858450740993,3.843501686006378,29.5983026669443,16.38207402475386,86.67837613254692,125.62406000098647,5.184691378606797,7.0,0.24026954686115354,70.29630210779305,0.24026954686115354,False,False,False,False,True,False,True,False,True,False,False
62.0,33.47231506142258,3.2985827797971496,43.48176399161749,76.46236262295349,81.41249704737655,27.77005155169898,8.656254905347547,6.0,0.16912472868868955,4.950134424423055,0.16912472868868955,True,False,False,False,False,False,False,True,False,False,True
94.35817416504028,11.28842885033608,2.3928429886885234,6.335184959518231,81.4838864423626,83.17300490648739,184.147163551874,23.156295052749957,4.0,0.07862633767794822,1.689118464124789,0.07862633767794822,True,False,False,False,False,False,True,False,False,False,True
85.0,6.269100759870733,1.081960289337379,14.86299534511134,12.439951171830508,64.03943994628295,195.20100122016925,2.8825596212513496,2.6476551202687344,0.09657009937814039,51.599488774452446,0.09657009937814039,False,False,True,False,False,False,True,False,False,False,True
75.0,42.95272026706106,1.614998982232772,9.873961584874488,61.34886230104159,77.18551316805166,40.74108231865663,3.73369637524237,2.0,0.4432688063542716,15.836650867010064,0.4432688063542716,False,False,False,False,True,False,True,False,False,False,True
75.0,43.24493715557364,3.1965323284374243,13.109736836228274,27.776033046086788,52.49968087524582,187.42725560551787,20.0042055952085,7.0,0.22547838674455736,24.723647829159034,0.22547838674455736,False,False,False,False,True,True,False,False,True,False,False
140.5136826125489,12.442167206200743,2.922629067403097,41.66867825242623,35.46639266915101,85.90345513485525,168.21674482779994,-9.113062954570749,5.0,0.07095305242445195,50.43706246570424,0.07095305242445195,False,False,True,False,False,False,True,False,False,False,True
100.0,74.18267082528274,1.0668374057648584,19.43713227241471,76.20017926413267,93.64562570817117,119.34136062711848,26.653568508375912,6.377300138861433,1.1589187259530302,17.445446444038495,1.1589187259530302,False,True,False,False,False,True,False,False,True,False,False
100.0,72.08924276832295,2.496163491704368,7.494575511011551,22.9005078019988,94.2082551923395,87.67871773454391,3.9270317882741193,4.0,0.4813336079407521,71.3077473903407,0.4813336079407521,False,False,False,False,True,False,True,False,False,False,True
75.0,25.32972426052728,1.7427239865770945,29.146260753872603,17.39679727382058,70.36785122188101,32.91297835998529,6.316303249641685,3.0,0.2422426467188081,52.97105394806043,0.2422426467188081,True,False,False,False,False,False,False,True,False,True,False
85.0,58.50930203255331,1.6089128439711164,19.89667188726539,74.91089788703967,80.2270613305852,111.4645266619131,21.77882686872875,4.0,0.6060956238431239,5.316163443545534,0.6060956238431239,False,False,False,True,False,False,False,True,True,False,False
75.0,32.02408532686721,1.2878208260813808,37.868282872164,70.42719826843793,87.6675011896267,105.95721261750602,-2.484196543850139,5.0,0.41444799201753135,17.24030292118877,0.41444799201753135,False,False,True,False,False,False,True,False,False,False,True
85.0,39.18998751353248,2.7285229579773715,19.260045839091497,16.99015327254326,86.17556795149068,85.42717691725181,32.8255992419043,5.0,0.2393846299329146,69.18541467894741,0.2393846299329146,False,False,True,False,False,True,False,False,False,True,False
100.0,79.3573768668566,3.365992362670763,12.795542776205028,28.92874740727782,89.16066921831944,222.15898643906215,24.910424822617003,7.0,0.3929370020113479,60.231921811041616,0.3929370020113479,True,False,False,False,False,True,False,False,False,True,False
50.0,45.81366156734756,3.4441791955691783,17.354640600950866,68.4341184931085,86.79517154359726,235.8378260434116,28.43121149441489,0.0,0.22169607989757184,18.361053050488763,0.22169607989757184,False,False,True,False,False,True,False,False,False,False,True
100.0,60.38629791395793,3.4602596335154057,8.658326061789474,64.07772203130133,83.38433428849228,225.1572217966942,22.61348345125501,6.0,0.29085629552701736,19.30661225719095,0.29085629552701736,False,False,True,False,False,False,False,True,True,False,False
100.0,32.598880789009,2.386367417747474,41.21937464677459,59.28849653623039,75.733176937099,240.3066830315123,37.06659942025868,6.0,0.2276743622026398,16.444680400868613,0.2276743622026398,True,False,False,False,False,False,True,False,False,False,True
100.0,0.0457718422773702,2.0430838416650303,5.44374481066405,60.18022304149606,84.29906796466211,272.91776838023407,-0.1350580050764129,4.0,0.00037338851318723505,24.11884492316605,0.00037338851318723505,True,False,False,False,False,False,False,True,False,True,False
101.8798726801754,53.39896875032125,3.2439420776713943,40.57558754811164,33.82915897800707,95.04055604726486,145.84906823716315,27.89850262303308,4.186588285182931,0.27435225142620684,61.211397069257785,0.27435225142620684,False,False,True,False,False,False,True,False,False,True,False
85.0,63.991170227375775,3.2737059775809283,42.39327710410479,38.32835573102604,77.07377878168418,191.76655201724884,21.30411003123327,6.0,0.3257835343471163,38.74542305065814,0.3257835343471163,True,False,False,False,False,True,False,False,False,True,False
104.000273060206,65.93421330641783,3.303450539696576,38.53754360884597,19.680300050248476,54.407086555155765,38.46487944542493,-9.603661066589568,7.0,0.33265324905027904,34.72678650490729,0.33265324905027904,True,False,False,False,False,False,False,True,False,True,False
75.0,26.75691987130609,0.1653938787380431,6.239252739553471,66.7905157286936,91.0452914350937,77.15463655728422,23.120492617638803,2.0,2.6962827640560874,24.254775706400096,2.6962827640560874,False,False,False,True,False,False,True,False,False,False,True
62.0,26.510946858011508,3.1485867738246958,28.53131850003748,65.58060133714983,76.29116197989212,292.32106847912405,14.418684135818658,0.0,0.1403325193300811,10.710560642742294,0.1403325193300811,False,False,True,False,False,True,False,False,True,False,False
100.0,77.63851676623986,3.577530942531314,8.125454971256818,23.244547367871437,94.69156133251312,67.03337523282886,-3.3862931111228143,7.0,0.3616950629424234,71.44701396464168,0.3616950629424234,True,False,False,False,False,False,False,True,False,True,False
100.0,78.13016919490377,3.3707680458935494,3.984866071006567,57.11198523848862,66.24176289035326,115.00281456100863,13.29560813768044,10.634574407416032,0.38631239790234223,9.129777651864636,0.38631239790234223,False,True,False,False,False,False,True,False,True,False,False
91.92323205405889,5.602389790671721,3.2474971104825423,16.323426565043984,43.65117260522543,58.44514370032261,54.31966216405416,-0.749512869450399,3.0,0.02875234680778139,14.793971095097177,0.02875234680778139,False,False,False,True,False,True,False,False,True,False,False
85.0,20.09377734133772,1.1522928608565994,46.35099882248561,18.696751984011428,97.36484816964293,68.59337619081128,28.69743344654665,3.0,0.2906346992146925,78.6680961856315,0.2906346992146925,False,False,False,True,False,False,True,False,False,True,False
75.0,53.95698169820941,3.737052894016936,17.874744589794915,89.97564874838083,95.03577021009548,17.094461724531058,6.800062381671708,2.0,0.24063963069488595,5.060121461714644,0.24063963069488595,True,False,False,False,False,False,False,True,False,False,True
62.0,60.61379392452427,3.0746734221595973,20.91795172247681,54.46997534613716,78.51051530366115,103.50936658754247,32.52462890743878,4.0,0.32856494334039005,24.04053995752399,0.32856494334039005,False,False,False,True,False,True,False,False,False,True,False
75.0,38.60563636862258,0.8730910744027252,33.68293022414009,33.74868999728057,70.86209993313832,223.2968421241796,-2.7810148317137484,5.0,0.7369532133294798,37.11340993585775,0.7369532133294798,False,False,False,True,False,False,True,False,False,False,True
188.634964592257,49.363214910123695,1.226170646797648,2.2461345077917296,33.053741323794696,53.8698231887537,60.01452138704593,-6.553346941294854,1.0,0.6709671697416135,20.816081864959003,0.6709671697416135,True,False,False,False,False,False,False,True,False,False,True
100.0,24.87454059878397,0.9271524671043444,11.441407583369728,33.94560873113889,58.13513510158474,60.81189003851615,7.879043434779273,7.0,0.44714940784355584,24.189526370445847,0.44714940784355584,False,True,False,False,False,False,True,False,False,True,False
62.0,54.36218573947502,1.925077717311921,36.36127862677181,46.38733766985727,77.34027871043172,294.4762263745805,31.4781936755052,7.0,0.47064927345187535,30.95294104057445,0.47064927345187535,True,False,False,False,False,False,False,True,True,False,False
50.0,6.443672288667047,2.6345294176538347,14.992418440021032,81.59731029150917,84.92637814847063,11.742221498100374,-4.27530532725275,7.0,0.040764220518778795,3.3290678569614585,0.040764220518778795,True,False,False,False,False,False,True,False,False,False,True
75.0,28.215649389656605,2.4068069239659198,23.693078848689176,18.51710428701412,86.57990242690329,293.58197659030856,28.843991321528694,1.0389732985088886,0.19538784705922768,68.06279813988917,0.19538784705922768,True,False,False,False,False,False,False,True,False,True,False
75.0,42.2855347814151,2.711851128865101,19.16718327808918,89.03952891250614,98.83105506756796,52.38329858962317,37.90202120519155,5.0,0.25988112161544935,9.791526155061817,0.25988112161544935,True,False,False,False,False,False,True,False,False,False,True
85.0,76.1733008089697,1.5060998972642905,28.587452781207983,56.06768463228563,93.03849523640392,369.85352357458913,18.045096071792507,0.0,0.8429421021732179,36.970810604118284,0.8429421021732179,False,False,True,False,False,True,False,False,True,False,False
50.0,34.95512440558501,1.6847005049924406,12.02937482597922,65.08674311260134,78.37929074218383,262.09152432590065,4.945602060220825,1.0580566671707403,0.3458094806960151,13.292547629582486,0.3458094806960151,False,False,False,False,True,False,True,False,True,False,False
100.0,10.43167346455136,3.313162432081679,31.39207659559448,47.66326224337725,72.19157526460326,227.13883935809403,5.443960406317798,7.0,0.0524759132621069,24.528313021226012,0.0524759132621069,False,False,False,False,True,False,False,True,False,True,False
50.0,46.53802191715521,3.427368711002069,7.195331905849656,78.59233355708729,82.77998846130095,150.652430198049,29.37384640167033,3.0,0.22630588186483133,4.187654904213659,0.22630588186483133,False,True,False,False,False,True,False,False,True,False,False
50.0,26.967931002629683,2.735253160120939,15.822164791755156,71.87974605129378,94.0055082486268,114.81643298894608,39.774029896087946,6.0,0.16432318706858626,22.125762197333017,0.16432318706858626,False,True,False,False,False,False,True,False,False,False,True
100.0,71.7085068763758,5.444091595791992,38.79607655154279,12.22342319736624,77.413347343374,181.08912606726616,2.616126227153474,7.0,0.21953006488662205,65.18992414600775,0.21953006488662205,False,False,True,False,False,False,True,False,True,False,False
157.57577887628838,34.14920011576352,3.975565377243093,48.766303687005376,33.90897268213148,92.7547018376424,257.46375202300203,19.73089265455248,5.0,0.14316286647445653,58.845729155510924,0.14316286647445653,False,False,False,True,False,True,False,False,False,True,False
86.09247991035157,66.70625110738425,2.8343115681998023,25.290644953249668,44.01342983894161,99.68968983185609,142.0756471546524,31.48873207120465,6.0,0.3922542829318771,55.676259992914474,0.3922542829318771,True,False,False,False,False,False,True,False,True,False,False
62.0,30.773548133404887,3.0979140825176104,49.75179689755983,2.481152833456981,83.48486936458664,234.74660372234828,12.807352549919983,1.0,0.1655605853578949,81.00371653112967,0.1655605853578949,False,False,False,False,True,False,False,True,False,False,True
50.0,24.155781563888247,2.3027112101525438,4.78414666269556,47.690745477713776,75.97116089477203,289.84699681052945,23.403014534948117,0.0,0.17483580121689135,28.28041541705825,0.17483580121689135,False,False,False,False,True,True,False,False,False,True,False
62.0,10.347606688667652,3.3184757486494423,9.391635794111917,42.655342541761705,79.51109044035044,40.13576622891059,37.462706490839466,7.0,0.05196967660468281,36.85574789858874,0.05196967660468281,False,True,False,False,False,False,False,True,False,True,False
62.0,26.30453465597864,3.584508026255726,49.88918287588557,52.29889078362029,71.43642102852772,97.81842384060884,31.42190013718612,3.0,0.1223065781194321,19.13753024490743,0.1223065781194321,False,False,True,False,False,True,False,False,False,True,False
85.0,26.730320039666697,0.6687078471604287,12.953727651636695,83.74328834590922,88.14544588814516,131.3975209739695,-4.604987942538754,1.0,0.6662181936195589,4.4021575422359405,0.6662181936195589,False,False,False,False,True,True,False,False,False,True,False
85.0,1.3302257390094765,1.3380403269013796,23.292885323425644,86.16287277426302,89.96604740046648,324.5247971919714,-3.943574146378939,0.0,0.016569327947561437,3.8031746262034574,0.016569327947561437,False,False,False,False,True,False,True,False,False,True,False
85.0,44.01595165676219,1.3243102972703742,38.10527790601866,73.34621767453042,78.15992983033394,78.1193777771749,5.879536154002451,5.0,0.5539481160808315,4.813712155803515,0.5539481160808315,False,False,False,True,False,False,False,True,True,False,False
85.0,18.433946311771635,1.6154592958648422,22.32469710701733,53.517570863816445,95.64661186487156,104.375789483857,30.519921506155317,2.0,0.19018271727177702,42.129041001055114,0.19018271727177702,True,False,False,False,False,False,False,True,False,True,False
62.0,37.70311871847127,2.734672708146337,34.72246309072786,46.5621884016344,52.45722719775885,274.4585098167528,6.67276641361206,5.0,0.22978446748037507,5.895038796124446,0.22978446748037507,False,False,False,False,True,False,True,False,True,False,False
100.0,56.19836617198485,0.182479566999436,40.72369852949949,56.02945617422336,65.41417061782558,39.67918932987936,34.05934132179261,1.0,5.132845565129177,9.384714443602213,5.132845565129177,False,False,True,False,False,False,False,True,True,False,False
62.0,6.918423739637612,5.50549584194873,49.06109056457552,24.66584337799686,70.79175612164657,196.346641449111,26.20353851645544,1.0,0.020943992264732935,46.12591274364971,0.020943992264732935,False,False,False,True,False,True,False,False,True,False,False
85.0,61.03806279047378,1.9937683956108183,41.54944191942096,33.06564163338204,56.79590134724898,95.5285824624064,27.0555281487778,5.0,0.5102403311976627,23.730259713866936,0.5102403311976627,False,False,False,True,False,True,False,False,True,False,False
85.0,64.22961963559717,2.129584266932735,18.162629025176784,83.32298244816201,83.79553659011722,171.2240953918582,14.38609315905826,2.0,0.5026772958532093,0.4725541419552144,0.5026772958532093,False,False,False,True,False,False,False,True,False,False,True
100.0,58.94085857253415,3.2053484932274814,43.70221210436277,82.36033129744631,92.03577293542216,81.1829007361303,19.457576528230543,6.0,0.3064714008324375,9.675441637975851,0.3064714008324375,False,False,False,True,False,False,False,True,False,False,True
85.0,29.758384839143087,2.1552441827737554,29.385047414670687,10.813905445398316,36.548360117720776,51.20231810325872,-1.3533315020834618,1.0,0.23012384611291586,25.73445467232246,0.23012384611291586,False,True,False,False,False,True,False,False,True,False,False
75.0,14.49216023800693,3.889259235283929,41.3779107591241,42.78718946396368,51.76174546563856,97.05879325252906,25.002273728975453,3.0,0.062103343941574324,8.974556001674884,0.062103343941574324,False,True,False,False,False,False,True,False,True,False,False
100.0,8.234584116412151,0.9049933799223272,43.81287256129691,23.358908235399383,97.6615848182109,298.7188568370856,38.56896076290053,3.0,0.15165090889244773,74.30267658281151,0.15165090889244773,False,False,False,False,True,False,False,True,False,True,False
75.0,34.86162084385812,3.470197295523424,4.940614327420578,47.97900919898407,69.99654315322091,155.73313807014296,35.40159928223272,3.0,0.16743342368856964,22.01753395423684,0.16743342368856964,True,False,False,False,False,True,False,False,False,True,False
50.0,49.40924272632639,2.8793142483569616,34.01485460165388,75.98838195309912,84.93627487609037,274.9805426032393,-7.571738421994169,5.0,0.2860012168668347,8.947892922991244,0.2860012168668347,False,False,False,False,True,False,False,True,False,False,True
50.0,9.98078152795496,1.8536958220858872,33.333004333464,35.85159555483042,67.58411098713819,30.432545899504376,37.805048131823085,5.0,0.08973767800375504,31.73251543230777,0.08973767800375504,False,False,False,False,True,False,True,False,True,False,False
62.0,29.05244637809921,2.947798348838419,15.963532916763002,25.8453357096222,90.97337817944654,195.62085810127488,-1.9739257222116076,4.0,0.16426070657980688,65.12804246982434,0.16426070657980688,False,False,True,False,False,False,False,True,False,True,False
75.0,42.09423335073603,1.0017255391880249,6.310026487597654,51.67969007886535,95.81112960148884,103.27998683951782,30.72225711480281,0.0,0.7003620536761767,44.131439522623495,0.7003620536761767,False,True,False,False,False,True,False,False,False,True,False
75.0,53.71328701264429,0.8914608032917152,18.622976474713525,49.92314428758909,56.18148263027092,36.42403856619721,23.76365989768123,4.0,1.0042185218970219,6.2583383426818315,1.0042185218970219,True,False,False,False,False,False,False,True,False,True,False
100.0,75.57096449529908,2.5744522324326478,21.51246491908547,32.74760815559499,57.68229024941695,281.3132043755616,13.412847370406324,4.0,0.4892365292524815,24.934682093821962,0.4892365292524815,False,False,False,False,True,False,False,True,False,True,False
62.0,28.253031404856078,0.90863538505303,30.00242931333289,77.23373540326355,82.60953925656403,151.41293241570327,1.9407538506589648,4.023079648703627,0.5182319162269027,5.375803853300482,0.5182319162269027,True,False,False,False,False,False,False,True,False,True,False
100.0,39.48883106753241,0.8584585118721564,16.371516065901147,26.685522266314265,90.02467732975637,250.81226353673236,35.74915475913812,7.0,0.7666616095675527,63.33915506344211,0.7666616095675527,False,False,False,False,True,False,False,True,False,True,False
45.81598720004838,34.60220459389867,2.518838903178549,5.579750455304233,21.2447917415735,73.43628023070899,155.1842358249909,5.097228917849462,6.0,0.2289560516040002,52.19148848913549,0.2289560516040002,True,False,False,False,False,False,True,False,False,False,True
62.0,21.871253290777545,0.5720001264069344,10.60205634209747,44.919466155459816,53.746604292730986,296.5755522560761,33.404773441516134,1.0,0.6372741392023696,8.82713813727117,0.6372741392023696,False,False,False,False,True,False,True,False,False,True,False
75.0,47.23207084043696,3.643773933683493,42.96030719302265,12.43408225621689,68.06083094339918,208.81560461103956,10.739123065261666,2.0,0.2160400713658345,55.62674868718229,0.2160400713658345,False,False,False,False,True,False,True,False,True,False,False
85.0,34.895113266087755,1.603396900811905,4.881436198623996,61.53265078264192,89.00103781384965,269.8883399506302,-6.428742353356784,1.0,0.3627206843214976,27.468387031207726,0.3627206843214976,False,False,True,False,False,False,True,False,True,False,False
100.0,54.96447201998234,3.522937606509423,41.40704557419398,19.82642791357606,92.7765202491452,141.46830962772606,39.53379889129042,3.0,0.26003143852837973,72.95009233556914,0.26003143852837973,False,False,False,False,True,False,False,True,False,False,True
75.0,34.79054782301729,1.813883272279106,23.21525779216274,42.67037445051806,75.69609265423627,247.748550461502,17.24178715039715,5.0,0.31966911684917576,33.025718203718206,0.31966911684917576,False,False,True,False,False,False,False,True,False,True,False
75.0,69.13309024823164,3.0076728841988243,10.70555783206436,28.9030166431617,78.34862219833958,91.55117127306124,3.442904170942761,2.0,0.3830929144113973,49.445605555177885,0.3830929144113973,False,True,False,False,False,False,False,True,True,False,False
78.43167081675972,38.08536376892858,1.9490036808846656,1.6549370676991138,11.83050192157471,97.62978359732809,135.7109313108204,-5.939205800025396,7.0,0.32568233146042924,85.79928167575338,0.32568233146042924,False,False,False,True,False,False,True,False,False,False,True
50.0,27.752745917900945,0.9038658015347332,31.655896284542944,24.843632006236238,87.93733107562853,265.6948968905379,34.02288007257426,1.0,0.5117416374344093,63.0936990693923,0.5117416374344093,False,False,False,False,True,False,False,True,True,False,False
85.0,35.38682540127056,2.307793619186011,44.84899049694756,34.63530076366829,54.26589121229157,286.835363806296,-7.643423793434708,7.0,0.2555602972689268,19.63059044862328,0.2555602972689268,False,False,False,True,False,True,False,False,False,False,True
85.0,68.56767860768713,1.5582031664365312,16.475471001557096,68.2737038427022,93.57394709925563,92.04491202728217,-9.831678296419836,2.0,0.7334054172633466,25.30024325655343,0.7334054172633466,False,False,False,True,False,False,True,False,True,False,False
50.0,36.46547333950338,1.209165866938475,37.86028498935581,21.0234699710778,82.17941381709426,56.42945115351432,36.15182985380533,1.0,0.5026257402803838,61.155943846016456,0.5026257402803838,False,False,False,False,True,False,True,False,False,True,False
50.0,40.27163575273819,2.69291212611694,49.5663805841103,21.82670356550261,67.99820231488735,156.48542997800214,33.79134237286147,2.0,0.24924464586229741,46.17149874938474,0.24924464586229741,False,True,False,False,False,True,False,False,True,False,False
75.0,59.79776909471581,2.122151382858424,14.564929422469216,28.18918545742428,96.02650743055818,276.2253767652068,-0.6351476144346968,4.0,0.4696316638681655,67.8373219731339,0.4696316638681655,False,True,False,False,False,False,False,True,False,False,True
62.0,36.70152016311202,1.8724897379065244,19.121932643865595,26.348198442271595,95.16288706703092,49.5508274275402,30.285847535845377,6.45400134455542,0.32667308681884466,68.81468862475933,0.32667308681884466,False,False,False,True,False,False,True,False,True,False,False
100.0,24.23053686415175,0.9340104811844988,7.757341318099225,17.695975504183732,75.49959138981414,171.99160194813683,4.975285949972822,5.0,0.43237446388936535,57.80361588563041,0.43237446388936535,False,False,False,True,False,False,True,False,False,True,False
85.0,21.70612432843914,2.5051031041296725,47.97954498307951,17.075691755127025,94.5111556731093,169.8323958415097,18.748822095579296,5.0,0.14441271427548902,77.43546391798228,0.14441271427548902,True,False,False,False,False,False,False,True,True,False,False
85.0,57.896271802948434,1.733814613519093,10.411646338286076,53.19306374895672,96.33954228277024,101.5541015622207,23.90632005170732,5.0,0.556540391261299,43.14647853381352,0.556540391261299,False,False,False,False,True,False,False,True,False,True,False
75.0,15.729551165353076,3.8826745929591495,38.31515901166463,10.874271917419884,80.29223804479403,279.03137592803216,10.753377825339362,5.0,0.06752025692923583,69.41796612737414,0.06752025692923583,False,False,False,True,False,False,False,True,False,False,True
75.0,15.42551087839598,1.7093751262201915,18.999925589860798,27.099273239145614,55.421233705785504,218.1421991726112,0.009960832525655,1.0,0.15040106997564284,28.32196046663989,0.15040106997564284,False,True,False,False,False,True,False,False,False,False,True
75.0,67.45812734205117,0.8732927437039172,17.885559321838468,58.36277008675972,83.42106852028354,93.34872261816982,24.41574986482181,4.0,1.2874286778096773,25.058298433523824,1.2874286778096773,False,False,False,False,True,True,False,False,False,True,False
85.0,61.23146590227786,2.331310347529361,9.14250329772684,53.24028839982735,85.77640672316048,13.794461132920947,38.96386339724878,7.0,0.43774713769281987,32.53611832333313,0.43774713769281987,False,True,False,False,False,False,False,True,True,False,False
50.0,23.193290217345247,2.007710442831197,31.983192464080947,72.88118470947465,86.9355478700154,181.04984993024897,17.07536931702216,7.0,0.19253515283341813,14.054363160540746,0.19253515283341813,False,True,False,False,False,False,True,False,True,False,False
85.0,48.38617697981442,3.738364454329079,27.805230847752817,19.3235262252255,81.92624464521084,112.09773917395252,17.947029494117277,7.0,0.21571901104052132,62.602718419985344,0.21571901104052132,False,False,False,False,True,True,False,False,False,True,False
100.0,56.1150925022779,1.0574159301938304,5.488039505342126,22.3498792992591,80.08848451859055,81.96840140430736,36.59253901129126,7.0,0.8844689350700389,57.73860521933145,0.8844689350700389,False,True,False,False,False,False,True,False,False,True,False
50.0,15.898734225246953,3.165199902155342,40.44452192617549,46.21839948967462,60.72812098502296,211.55286802898283,-5.068598813987704,7.0,0.08371632501747475,14.509721495348344,0.08371632501747475,True,False,False,False,False,False,True,False,False,False,True
85.0,41.15701390960357,3.2634983979053573,46.12968887401014,31.46784537988397,77.45210904111309,125.7627771543212,29.45421239656008,5.0,0.21018862220585008,45.98426366122912,0.21018862220585008,True,False,False,False,False,False,False,True,True,False,False
50.0,41.90586399017345,1.8944880905881227,24.47957144861078,46.40094287119368,58.93316026656019,44.50589475990744,11.76834664939285,5.0,0.3686647965604633,12.532217395366516,0.3686647965604633,False,False,True,False,False,True,False,False,False,False,True
85.0,8.335789160236999,2.4329371335759373,41.75876322009111,15.625327417420324,42.50515975702499,206.27023390668631,-7.327746524971658,4.0,0.05710374403841825,26.87983233960467,0.05710374403841825,False,False,True,False,False,False,True,False,True,False,False
62.0,18.1024722667836,1.9346884585896515,41.55273260700287,33.300883156898145,99.70093459071948,51.23943380552032,1.1026309087301218,3.0,0.15594648832143182,66.40005143382135,0.15594648832143182,False,False,False,True,False,True,False,False,True,False,False
100.0,23.915003796268465,2.332808817220075,33.50495954700098,38.27073245617419,84.48086578922354,295.9721051267668,4.832295504044435,2.0,0.17085986372404577,46.210133333049356,0.17085986372404577,False,True,False,False,False,False,True,False,False,True,False
50.0,13.819971244902632,2.090777615246685,12.27483650878592,86.60875865026834,99.09312749368182,119.34464298476549,38.58891646031902,7.0,0.11016611829112885,12.484368843413478,0.11016611829112885,True,False,False,False,False,False,True,False,False,True,False
50.0,5.163807087916792,3.910006446044101,5.2652032847754455,32.17142732636586,56.7239574164585,45.400598655642405,-9.824574766427832,2.0,0.022011076619158382,24.552530090092638,0.022011076619158382,True,False,False,False,False,True,False,False,True,False,False
75.0,55.095255841104894,1.289438988112685,45.2106299385636,54.16347654979344,56.6962175600798,100.8403905933342,3.2874178751502097,3.0,0.7121347132231804,2.5327410102863652,0.7121347132231804,False,False,False,True,False,False,True,False,False,True,False
102.39937129748328,38.188211099692175,3.227826774061622,23.196373698660988,40.62902373559544,62.795202141482775,72.32230353200278,21.181387475893285,6.0,0.19718226210571696,22.166178405887337,0.19718226210571696,False,False,False,True,False,False,False,True,False,True,False
60.30920245060118,41.13168722967361,0.6326302700939862,46.54335629892145,64.74836809986499,92.69456876416793,224.55991659553533,11.133741048080472,4.435152229171791,1.0836157435095783,27.946200664302935,1.0836157435095783,False,False,False,False,True,False,False,True,False,True,False
75.0,72.31121635965684,0.9453801792438452,34.26166814743536,59.491108008673685,92.3129306095474,54.13870978325318,8.412581609973788,0.0,1.2748172278073073,32.82182260087371,1.2748172278073073,True,False,False,False,False,False,True,False,True,False,False
75.0,37.49380570218128,1.8547686901055345,15.800004164216077,86.54445155869516,93.38177891139344,215.89955356535245,0.4003548727503609,7.0,0.336913581211825,6.837327352698281,0.336913581211825,False,True,False,False,False,True,False,False,True,False,False
62.0,55.374954290710285,3.136208977991735,18.05023748722661,57.069500659534,92.4203899406728,270.0365182637633,-2.6422433911902434,2.0,0.29427755335237854,35.350889281138805,0.29427755335237854,False,False,False,True,False,True,False,False,False,False,True
75.0,33.467398984964014,3.3861550875352284,18.94297603650753,44.25432304914885,91.06019255005748,40.31861722887526,26.827732100109564,6.0,0.16472664974383885,46.80586950090863,0.16472664974383885,False,False,False,True,False,False,True,False,False,True,False
85.0,45.45344885211073,1.4410908929776702,28.19404206423544,18.30616688088955,66.42847642409154,131.05424098801743,28.51369444569392,7.0,0.5256833448605039,48.12230954320199,0.5256833448605039,False,False,True,False,False,True,False,False,False,True,False
100.0,31.728682285908047,2.2946149964785327,37.50320207080665,76.84081236656476,87.55877968530262,47.416211526470576,7.58003923341635,0.0,0.23045755921727587,10.717967318737863,0.23045755921727587,False,False,True,False,False,False,False,True,False,True,False
75.0,59.16864335631949,2.765621656971513,15.222513527799864,50.51010596682404,68.59776436636375,156.81023942343762,29.06368772467245,1.0,0.35657229305129634,18.087658399539706,0.35657229305129634,False,False,False,True,False,True,False,False,False,False,True
179.01305777024916,15.10403338179977,2.8915627841140754,5.052457492354572,51.48318629752653,72.70348804748421,152.88819133117065,18.97409284644023,6.0,0.08705807498964256,21.220301749957684,0.08705807498964256,False,False,True,False,False,False,True,False,False,True,False
75.0,30.726160737544745,3.000895955075018,11.215789280105415,41.895559315975504,79.16128258457856,207.481770878926,-4.446256767774789,5.0,0.1706499280966498,37.265723268603054,0.1706499280966498,False,True,False,False,False,True,False,False,False,True,False
100.0,77.12500791368723,1.2335246867841825,39.4290961711839,62.322640558525926,81.40719887465627,272.79517131853873,-3.663579908715522,1.0,1.0420681582891989,19.084558316130348,1.0420681582891989,False,False,False,True,False,False,True,False,True,False,False
75.0,50.5305305671186,1.0288856470267305,34.63627057083493,25.34809142974842,63.66223405094776,62.52915278643372,-9.162198722399426,0.0,0.8185316919190117,38.31414262119934,0.8185316919190117,False,False,False,False,True,True,False,False,False,True,False
65.9740460475554,64.9305064614647,3.732577706614646,45.60140061591688,58.16252769130468,72.85889430616501,115.73243090441906,26.677244857452976,2.0,0.28992701364885554,14.696366614860331,0.28992701364885554,False,False,False,True,False,False,False,True,False,False,True
62.0,55.62849667174399,1.3761709730713558,8.179964335506256,50.627588257932686,53.248697123948766,294.2932328258952,14.564571127261203,6.0,0.673711064495516,2.6211088660160797,0.673711064495516,False,False,False,False,True,False,True,False,True,False,False
85.0,41.99326219500855,1.197691869919004,6.483340580349086,46.35478932598276,91.106881276485,54.26809121579728,37.289829969537614,4.0,0.5843637423183591,44.75209195050224,0.5843637423183591,False,False,False,True,False,False,True,False,False,False,True
84.63170318839946,62.26265635402747,1.7046015910873678,23.57785071707293,34.7020621089598,51.28401319295174,299.66295076387314,9.250148405255208,2.0,0.6087703687826749,16.58195108399194,0.6087703687826749,False,False,False,False,True,False,False,True,True,False,False
62.0,35.84413909327468,3.7949895819234527,34.74098370272331,55.960807961988976,87.1055679955716,263.5762086133218,9.18785717676932,6.0,0.15741869781852133,31.144760033582628,0.15741869781852133,False,False,False,False,True,True,False,False,True,False,False
100.0,55.46883682152323,3.540379012105647,26.484266980325483,38.4751768013842,82.29836275119712,76.92654460564061,1.3585055213685724,0.0,0.26112475826203063,43.82318594981292,0.26112475826203063,False,False,False,True,False,False,True,False,False,False,True
62.0,19.721540010730703,1.4832810341977656,47.60911599293456,58.69009594389493,84.5528682061711,32.32362538971208,35.769526773223475,1.4131071299836229,0.22159815027227936,25.862772262276167,0.22159815027227936,False,False,True,False,False,False,True,False,False,True,False
85.0,60.46898672586866,3.71738986284209,28.753354343418906,33.679239622063506,78.9085482736939,147.7359251037458,-2.6601032029166607,1.0,0.2711086226131335,45.22930865163039,0.2711086226131335,False,True,False,False,False,False,True,False,False,True,False
75.0,35.38265952853404,1.7178280150084737,23.771635495233188,54.48146211687617,70.45984840964744,33.687799215282084,33.893571383819186,5.0,0.34328872680500855,15.978386292771262,0.34328872680500855,True,False,False,False,False,False,True,False,False,False,True
62.0,37.688027665454456,0.6024173820856626,45.36451456071446,17.969742475972758,67.45668714691847,172.10193826820836,26.066961754406773,1.0,1.0426886957503516,49.48694467094571,1.0426886957503516,False,False,False,True,False,False,False,True,True,False,False
110.6581279246,20.79343928787075,1.47066972117344,30.185692832978997,33.55042871023524,93.64636491555372,155.78441572644002,13.65991905369698,6.0,0.2356459213615931,60.09593620531848,0.2356459213615931,False,False,False,True,False,False,False,True,False,True,False
100.0,53.36289470151473,3.799819207963679,38.62554559470691,33.26665160527895,92.03645412293866,42.13941422454072,29.88019647166928,4.0,0.23405891956507005,58.76980251765971,0.23405891956507005,False,False,True,False,False,False,False,True,False,True,False
100.0,24.267335453342245,1.6404240382645088,30.485773672901757,74.6842236981937,79.53017447619905,80.31857002371548,11.697359728518473,6.0,0.2465555133640521,4.845950778005346,0.2465555133640521,False,False,True,False,False,True,False,False,False,False,True
100.0,27.706067785342437,2.858349510172882,45.32674459013657,46.48302918515636,98.6273440219893,104.86167280604526,19.029287814233463,4.0,0.16155050135714327,52.14431483683294,0.16155050135714327,False,False,True,False,False,False,True,False,False,True,False
50.0,45.36457787633022,0.5641102252550376,25.04146030496852,39.08232599116617,91.73370608401818,109.93191496761852,37.330821979493706,5.0,1.3402988708403758,52.65138009285201,1.3402988708403758,False,False,False,True,False,True,False,False,False,True,False
50.0,27.498043111589936,1.3744963855629204,46.47734294698628,61.5644479971477,63.28972367444196,97.46236881264964,12.409795888371692,3.0,0.3334317378643403,1.7252756772942561,0.3334317378643403,False,False,True,False,False,True,False,False,True,False,False
100.0,74.70693087698855,3.68149298030484,33.46362565843205,56.90819742601112,90.23796992952722,166.68314426869878,7.884105497983775,1.0,0.33820939528543553,33.329772503516104,0.33820939528543553,False,False,False,True,False,False,True,False,False,True,False
100.0,37.52045250571513,2.781840207444596,24.98401295415121,23.173993641361665,79.15155531676531,27.716882849778493,-7.647816773566554,0.0,0.22479395956020476,55.97756167540365,0.22479395956020476,True,False,False,False,False,True,False,False,False,True,False
75.0,9.51652733339272,1.2783700242921128,48.57649109999988,18.262214822486705,88.41412998142081,207.1049873292505,27.830930909390297,0.0,0.12407111077069177,70.15191515893412,0.12407111077069177,False,False,False,True,False,False,False,True,True,False,False
50.0,5.755524649492359,2.2904466878175924,39.127025402318914,63.61556869644066,73.807350446242,107.66904425344254,18.962712202970867,3.0,0.04188065643923514,10.191781749801336,0.04188065643923514,False,False,True,False,False,True,False,False,False,True,False
100.0,13.003539499532652,1.704673382416253,41.18494267350982,40.69499213107397,57.66600893156081,245.858001075849,39.63190879237284,6.0,0.12713617785147266,16.971016800486844,0.12713617785147266,False,False,False,False,True,False,False,True,True,False,False
62.0,21.35157383578864,2.8572143402961414,21.496163367424792,49.32313954121575,56.183631872742914,29.25939733503646,2.5012019700363908,6.0,0.12454773130283495,6.860492331527162,0.12454773130283495,False,False,False,True,False,False,True,False,False,True,False
100.0,48.84665066850152,1.6639703334245637,7.243947955667937,22.710321135632327,62.07007350536415,107.30820591544423,-0.3367154696195218,3.0,0.489258028296412,39.35975236973182,0.489258028296412,True,False,False,False,False,True,False,False,True,False,False
100.0,9.206012694775316,2.858817714150072,14.832917019534175,46.607930464309526,66.14678806221944,280.54368535047314,18.455941632134504,7.0,0.05367027920440104,19.538857597909917,0.05367027920440104,False,False,True,False,False,True,False,False,True,False,False
85.0,76.18778788307228,2.8502383451136155,14.984051430614867,10.285314614367564,76.73373540916441,69.18658683479167,15.247349649826322,0.0,0.4455053616462573,66.44842079479685,0.4455053616462573,False,True,False,False,False,False,True,False,True,False,False
75.0,72.94073165721504,3.609229819666397,13.825035587120569,44.08631934914307,61.937250516895816,19.30831574067269,38.666963309829576,6.0,0.3368250074654292,17.850931167752748,0.3368250074654292,False,False,False,False,True,True,False,False,True,False,False
85.0,18.01705100546142,2.461603715954156,43.70116825973557,71.41075857249324,76.22136172265118,28.54920389274597,19.16560070339951,4.0,0.12198721568307436,4.810603150157945,0.12198721568307436,False,False,True,False,False,True,False,False,False,False,True
75.0,59.126629342112274,2.4214112224514865,6.938614078941109,47.37859058478252,51.070619780241294,238.7363609885128,19.745234345009298,0.0,0.40697086609306055,3.6920291954587725,0.40697086609306055,False,False,False,True,False,False,True,False,False,True,False
85.0,35.86668099087705,4.226667873215021,32.79732044472121,83.51568603776872,85.70187848640649,258.03171714046346,8.253481653676824,5.352188076255658,0.141430089717439,2.186192448637769,0.141430089717439,False,False,True,False,False,True,False,False,False,True,False
62.0,5.20011260069647,1.8876640005318568,49.3332345217414,18.983577712791817,89.64463555022162,179.29269019534732,37.57672672417906,2.396060328531535,0.045913119771591744,70.66105783742981,0.045913119771591744,False,False,False,False,True,False,True,False,False,False,True
50.0,28.77227402735012,1.1929063943723863,25.79879262675929,27.98535524715724,69.49637808673178,163.03903239714137,37.4853473103662,6.0,0.40199122304825147,41.51102283957454,0.40199122304825147,False,False,False,True,False,False,False,True,False,False,True
75.0,61.90801716904538,3.09976792162395,37.77442265439287,18.216135308909685,88.05542208773109,291.18090476354723,18.77488486854991,3.0,0.33286372149118904,69.8392867788214,0.33286372149118904,False,False,True,False,False,False,True,False,True,False,False
100.0,35.017606522824096,2.848815610735716,12.54074292674547,19.06936529875868,77.58691651286874,49.66563770855315,10.204876258349907,3.0,0.20486646211183815,58.51755121411006,0.20486646211183815,True,False,False,False,False,False,True,False,False,False,True
50.0,14.804488742545598,2.6140629880131234,27.499247528804364,19.598024652744,82.03353841178316,58.8701636930474,27.22215780885722,3.0,0.09439002815688384,62.435513759039154,0.09439002815688384,False,False,False,True,False,True,False,False,True,False,False
75.0,65.10291874065945,1.0208252585151376,47.43975214885614,17.25397204903592,99.6717975680798,41.25609709872159,10.926311832543378,4.0,1.0629132034369304,82.41782551904387,1.0629132034369304,False,False,False,True,False,False,True,False,False,True,False
86.71809381532775,61.63104965912597,2.942916165689722,20.391192291148027,23.35781808377515,96.40888301425215,83.91991846336025,-6.983337242078843,3.0,0.3490361611251318,73.051064930477,0.3490361611251318,False,True,False,False,False,False,True,False,False,False,True
75.0,71.8059193887291,3.736266174957047,39.46787878394304,49.89930236506439,60.39169483747191,55.97477442025748,-0.8311422705916858,2.0,0.32031050977229775,10.492392472407516,0.32031050977229775,False,False,False,False,True,True,False,False,True,False,False
100.0,45.858999052265375,1.3093292808686268,47.503737971035065,26.447257316508875,50.88290885213277,85.00477868174715,7.159703373364536,4.0,0.5837467030173125,24.435651535623897,0.5837467030173125,False,False,True,False,False,False,False,True,False,False,True
61.95336635157009,23.050456238396517,3.661900843125582,36.7698740294614,36.14353480862364,50.590866788910525,286.3788213543384,-7.858269925073039,2.0,0.10491116146990848,14.447331980286883,0.10491116146990848,False,True,False,False,False,True,False,False,False,True,False
75.0,21.05357940478484,1.4617679826287715,6.306066001187466,50.70981922850209,64.13652349959695,135.63711211756276,26.193341439430043,5.0,0.2400469802661286,13.426704271094856,0.2400469802661286,False,False,True,False,False,True,False,False,False,False,True
100.0,39.94579631974886,2.705994138237201,34.1015981435489,15.073705966426454,98.6113298985728,132.7866428816962,-5.499048907391532,1.0,0.24603278425041997,83.53762393214635,0.24603278425041997,False,True,False,False,False,False,True,False,True,False,False
86.16648846991009,41.01292040629061,3.069542306569536,35.239594294264535,56.93067672987071,79.67504954632604,223.72002576711333,31.58905780067694,2.0,0.2226874905666631,22.744372816455325,0.2226874905666631,True,False,False,False,False,False,True,False,False,True,False
100.0,52.28437229318183,1.7728069001606237,23.87673157167134,21.85862017889134,79.26462882824637,41.29155664965743,6.385560976611462,6.0,0.4915403955204658,57.40600864935503,0.4915403955204658,False,True,False,False,False,True,False,False,False,False,True
50.0,14.175393197160597,2.206144329104404,21.857389617404845,18.139377516618723,64.34409488966753,295.9593309185726,8.0139996180962,7.0,0.10709025251395024,46.20471737304881,0.10709025251395024,False,False,False,True,False,False,True,False,False,False,True
62.0,28.337522357857683,2.2607468723450665,36.28607872971303,25.450179505817587,95.74806410053785,85.88564156991364,15.725063881272998,7.0,0.20890973911100486,70.29788459472026,0.20890973911100486,False,False,True,False,False,True,False,False,True,False,False
75.0,45.45111536306598,1.1310299985017624,12.817069905556416,59.3130256074532,59.87147873828874,39.89135462894271,37.73130899577718,0.0,0.6697599448183448,0.558453130835538,0.6697599448183448,False,False,False,True,False,False,False,True,False,False,True
50.0,49.66092549992548,3.5902414161320197,17.663341419791365,68.71101928718994,84.88161296476284,236.7315167633957,-4.137528822077404,0.0,0.23053661181290025,16.170593677572896,0.23053661181290025,True,False,False,False,False,False,False,True,True,False,False
85.0,23.942080345214407,2.159224759169293,18.819584772025628,24.122328324213527,90.8302547030802,190.20176564094436,-3.244674645052584,3.0,0.18480460208031266,66.70792637886667,0.18480460208031266,True,False,False,False,False,False,True,False,False,True,False
50.0,8.641282040664738,2.494662938263948,19.66967079300812,13.24841775679932,85.29183868833562,132.61341582089574,0.8741646568865473,4.0,0.057731794197671334,72.0434209315363,0.057731794197671334,False,True,False,False,False,True,False,False,False,False,True
100.0,5.995140564565627,3.9769703835389874,34.95390177071374,36.39805027421534,62.02939828212693,270.6638630648035,22.975563617224864,5.0,0.025124403697598618,25.631348007911583,0.025124403697598618,False,True,False,False,False,True,False,False,False,True,False
54.03223627344708,21.270741905550192,3.342356048760274,40.17685077355911,23.97110917899692,90.94302580985588,75.72756438939092,31.34685758576334,6.0,0.10606660688468444,66.97191663085897,0.10606660688468444,False,False,True,False,False,True,False,False,False,True,False
85.0,37.9980325281785,2.0607338598297,10.493519676517534,21.31000444838144,58.47308801172035,214.38410598075924,-1.8448305287580256,1.0,0.30731796787608695,37.16308356333891,0.30731796787608695,False,False,False,True,False,True,False,False,True,False,False
50.0,12.89314235582393,2.1412999520428557,17.34136645625693,78.3928712319015,78.8159074874725,88.54041810511625,20.055112427461744,0.0,0.10035292146968587,0.4230362555710059,0.10035292146968587,False,False,False,False,True,False,False,True,True,False,False
75.0,5.868319195612725,0.890728405098075,21.32626413977922,28.90083254997095,97.35343585040852,280.9762024240972,-1.5624897888461415,4.0,0.10980375091564498,68.45260330043757,0.10980375091564498,False,False,True,False,False,False,True,False,False,True,False
100.0,77.69879024520026,1.224897157423554,26.42378193855539,52.49864487916761,66.17919066180764,196.2895364387553,36.64249003843529,5.0,1.057215154408442,13.680545782640031,1.057215154408442,False,False,False,False,True,False,False,True,False,False,True
62.0,43.95822631658241,1.767862582188473,36.00275417138911,60.90486524314052,81.09356513724907,49.91211987419893,3.915833020589746,4.0,0.41441971375932807,20.188699894108552,0.41441971375932807,False,False,False,False,True,True,False,False,False,False,True
85.0,76.48074420185159,1.9127243418837656,42.36624663230756,27.9459134972956,85.81552369692857,92.32721901570342,5.652113104489251,3.0,0.6664206870371502,57.869610199632966,0.6664206870371502,False,False,False,False,True,True,False,False,False,False,True
78.51107776012078,66.17819525015547,3.2649354225943634,5.923176780357402,40.62173244352232,54.00886612216782,108.1405504175817,2.241616906410464,3.0,0.3378228902179906,13.387133678645498,0.3378228902179906,False,False,True,False,False,True,False,False,False,True,False
75.0,35.15737675512804,0.1543006838884049,17.63994452579628,76.27892651117047,83.58526083420006,31.791165374679405,-6.225485948901995,4.0,3.797496320080577,7.3063343230295885,3.797496320080577,False,False,False,True,False,False,False,True,False,False,True
50.0,43.12603811805074,2.7653907898092647,5.76663577394962,69.61870824455913,77.39673449495889,167.61739202432804,31.05761683790547,2.124835503089215,0.2599152729575292,7.778026250399762,0.2599152729575292,False,True,False,False,False,False,False,True,False,True,False
75.0,60.68153839035487,2.2151488205935204,15.631492191685426,52.46095601240184,69.58465649956185,61.5153080794194,15.95499673247742,2.0,0.45656479771034103,17.123700487160008,0.45656479771034103,False,True,False,False,False,False,False,True,False,True,False
85.0,33.67446234201802,2.008872705709381,24.859551942231587,57.20207772870903,71.72530988079201,230.79083262324863,25.42640192513317,1.0,0.27938108643645787,14.523232152082983,0.27938108643645787,False,False,False,True,False,False,True,False,True,False,False
100.0,54.54859168539257,1.60323446506385,19.102870216691056,65.6513286332472,86.25668559166435,44.41463471579849,26.22953591054577,3.0,0.5670681454071258,20.605356958417147,0.5670681454071258,False,False,True,False,False,True,False,False,False,True,False
62.0,14.11630705481829,0.9400021772463668,21.383146368000144,27.571039314792376,60.91086177664662,262.12941582158567,0.6693456361452217,5.0,0.25028855245439363,33.33982246185424,0.25028855245439363,True,False,False,False,False,False,False,True,False,True,False
50.0,26.586710215463047,1.7244365892735611,24.4507632366001,77.97541226482085,91.45202017355768,191.38730149081587,5.320091462398006,1.0,0.25696035428652675,13.476607908736838,0.25696035428652675,False,True,False,False,False,False,True,False,False,False,True
75.0,65.92220415676107,3.318274233997271,37.52496219553434,34.71180818363233,99.830388857032,31.81542082192569,-0.6475576581457609,3.0,0.3311068721674521,65.11858067339968,0.3311068721674521,False,False,False,True,False,False,False,True,False,True,False
100.0,20.07464990247556,2.469105223394977,48.073862196486175,27.431445135133774,68.08524527719955,35.449160492718946,6.231144552493621,0.0,0.13550556501377223,40.653800142065776,0.13550556501377223,False,True,False,False,False,True,False,False,True,False,False
75.0,5.892835163588776,1.2359897744455028,40.776826988908375,12.90517914685882,57.543169274328136,100.99005497784172,16.892296483696548,1.0,0.07946175722789259,44.637990127469315,0.07946175722789259,True,False,False,False,False,False,False,True,False,True,False
75.0,48.52491426934318,3.001670866278254,6.023479239058313,53.06724790483541,90.07623145582792,119.9907809526212,37.131539818916,6.0,0.2694327949947691,37.00898355099251,0.2694327949947691,False,True,False,False,False,False,False,True,False,True,False
100.0,51.94497776365302,2.4615937135645067,9.166036637016663,61.46401328288867,96.38960476102687,220.7754359163879,14.483399483425266,3.0,0.35170289257058984,34.9255914781382,0.35170289257058984,False,True,False,False,False,False,True,False,False,True,False
85.0,20.79043601283822,3.2474625768175143,41.23721127651863,49.96693224975138,63.11113229359482,259.92418832966825,22.89738526887777,2.0,0.10670092685724224,13.14420004384344,0.10670092685724224,False,False,False,False,True,False,True,False,False,False,True
100.0,49.48345837435455,1.7322676793318448,18.93760769920245,23.264357666126408,53.993533699815,49.05420612095306,-7.478114898036261,4.0,0.47609518787382094,30.729176033688596,0.47609518787382094,False,False,True,False,False,False,True,False,False,False,True
50.0,19.958025275991496,1.2982715793607214,43.00765805491575,15.82012202213054,53.37481226496149,51.421823945873975,30.006274375568573,2.0,0.25621276771971674,37.55469024283095,0.25621276771971674,False,False,False,True,False,False,True,False,True,False,False
50.0,45.15937317195059,0.9190462989996282,31.31248135190241,11.792607718349384,50.75166478809943,61.5066692485589,17.258362408967805,5.0,0.8189535395025995,38.959057069750045,0.8189535395025995,False,False,False,False,True,False,True,False,False,True,False
100.0,60.83110355266755,3.5741893701518244,48.32123616672255,26.450246517661636,83.89886666729896,29.674901099856857,3.171791758702938,6.561021126883453,0.283659207971604,57.44862014963732,0.283659207971604,True,False,False,False,False,False,False,True,True,False,False
85.0,27.63793401856366,1.920578840930284,57.099752173598255,38.42252020734118,73.05861868368035,206.43954119464837,9.383136165270326,7.0,0.23984031471449932,34.63609847633917,0.23984031471449932,False,False,False,False,True,False,True,False,False,True,False
62.0,10.201613009568993,3.993692464101333,36.80042526371527,67.3630481060283,94.84613705113878,131.97073687718645,12.616241444127668,1.0,0.04257385490274006,27.48308894511048,0.04257385490274006,False,False,False,False,True,False,False,True,True,False,False
85.0,8.936913796477242,3.623260788462997,35.31712403702,27.047854491878383,93.46087660830996,79.48903371334954,14.33109534501114,6.0,0.04110898220434344,66.41302211643158,0.04110898220434344,False,True,False,False,False,False,True,False,False,True,False
62.0,26.4440331229724,3.69223745793969,27.121429900667824,63.48160387106212,80.47775508228382,265.5605629056878,14.39410549158626,3.0,0.11936769788062541,16.9961512112217,0.11936769788062541,False,False,False,True,False,False,True,False,False,True,False
100.0,42.01795949517358,0.7302658470574883,13.302986684846337,55.03840484815587,70.45005705402863,1.899537885161329,14.641852951912686,5.0,0.9589649135877367,15.411652205872763,0.9589649135877367,False,False,False,False,True,True,False,False,False,False,True
50.0,34.54134762062127,2.539178253623862,14.239592111842915,16.960526964484828,84.59905625717587,181.85383722004755,13.028878136959383,2.0,0.2267226123997963,67.63852929269105,0.2267226123997963,False,False,False,True,False,True,False,False,False,True,False
100.0,67.07828216010658,3.883982812856207,23.098143352892876,23.032215463439087,95.02831176592272,195.7197040879724,5.0100278823816495,3.0,0.2878414821081494,71.99609630248364,0.2878414821081494,False,False,False,True,False,False,False,True,False,False,True
100.0,39.70699556704798,3.775135400150372,18.68529365558645,34.03764756225564,96.36574795375611,209.3717699783492,0.2591031271149493,7.0,0.17530053608790813,62.32810039150047,0.17530053608790813,False,False,False,False,True,False,True,False,True,False,False
62.0,30.751503981203896,3.7776687534767657,19.48012395431718,49.52688345849289,68.65310734292194,129.54556576013024,31.980349802192308,0.1900469257372576,0.1356723153351382,19.126223884429052,0.1356723153351382,False,False,True,False,False,False,False,True,False,False,True
50.0,28.80292498005887,0.7584002476785885,45.5188443075354,73.686855701566,81.23277626442751,22.3327261690371,-0.2573590462581006,3.0,0.6329754653127347,7.545920562861511,0.6329754653127347,False,False,False,True,False,True,False,False,True,False,False
100.0,85.03985430629427,3.708384637781146,26.726596804263863,32.3628019605393,55.98865792499279,279.86671797697693,22.669920271465017,7.0,0.3821963047374024,23.625855964453493,0.3821963047374024,False,False,False,False,True,False,True,False,True,False,False
50.0,47.76784734327861,2.6794513868152903,32.994341529878724,13.70945350509201,97.58940532350752,221.535828133101,15.363257979506066,6.0,0.2971245505599185,83.8799518184155,0.2971245505599185,False,True,False,False,False,False,True,False,False,False,True
62.0,57.45442116792438,1.121155294576189,35.730229366216896,32.341871528002784,89.61714559071812,57.289510474044846,33.49059845332999,1.0,0.8540954948565337,57.27527406271534,0.8540954948565337,False,False,False,True,False,False,False,True,True,False,False
100.0,52.73977320604877,2.1813898087081207,9.721254707800986,77.81061587085703,89.79452166165672,56.86080071118133,37.11824232877613,4.0,0.40295238228025765,11.983905790799682,0.40295238228025765,False,False,False,True,False,False,False,True,True,False,False
85.0,23.437875326038824,3.463646934482638,50.35062408297797,81.15938765712707,93.27582317310836,22.62409491852518,14.785234289123393,5.0,0.11278033322190463,12.116435515981294,0.11278033322190463,False,True,False,False,False,False,False,True,True,False,False
62.0,8.315805795177543,0.7281019856402245,11.737244077708317,38.55338956745308,56.84768445949299,271.52553023252364,35.821776108815385,2.9288113312957407,0.19035350264989329,18.294294892039908,0.19035350264989329,False,False,False,True,False,False,False,True,False,False,True
100.0,71.94505922956554,3.942567771945161,7.477687525988695,21.348620887758365,74.2900032550478,185.76342547562567,24.85134436580902,5.0,0.30413790956880926,52.94138236728943,0.30413790956880926,False,False,False,True,False,True,False,False,True,False,False
100.0,9.209067930589208,2.4162095160231494,43.773377108489925,44.00642537134895,78.66085587846824,58.799043403147216,9.626570733910736,7.0,0.0635228296602527,34.65443050711929,0.0635228296602527,False,False,False,False,True,False,True,False,True,False,False
85.0,21.795382498227173,1.171874031931034,37.73621870166026,55.13436223435677,68.54740388150834,39.03998202246087,-4.052803770997523,5.0,0.30997902937730676,13.413041647151573,0.30997902937730676,True,False,False,False,False,False,False,True,False,False,True
60.8031640159348,26.17745506640429,4.299202474228416,11.078210344788673,35.299875345221935,82.01710764520368,76.33936600162212,-8.5533748857717,3.0,0.10148182608024447,46.717232299981745,0.10148182608024447,False,True,False,False,False,False,False,True,False,True,False
75.0,54.82511333467084,0.5572133283266743,45.86383200819036,71.30783710648447,96.7978122602596,69.72862342074428,23.6013697842573,5.0,1.639860072362592,25.489975153775134,1.639860072362592,True,False,False,False,False,False,True,False,False,False,True
85.0,65.23254316413059,1.566585949247255,17.12999180051812,48.17084638968186,61.35366583401523,35.63520160727205,33.93763722562681,4.0,0.6939989811972425,13.182819444333369,0.6939989811972425,False,False,False,False,True,True,False,False,False,True,False
75.0,6.432324170240332,0.9302393081131928,9.025938583872836,71.49380469579087,73.28659305072891,209.9835637216557,21.696951351475622,2.0,0.11524497180707609,1.7927883549380397,0.11524497180707609,True,False,False,False,False,True,False,False,False,True,False
50.0,16.126089718922938,3.909610780305439,4.194196976474822,61.13125247835371,71.02277462838805,82.8826118729384,29.239399647145557,5.0,0.06874550360254823,9.89152215003434,0.06874550360254823,False,False,True,False,False,False,False,True,False,False,True
129.35061620415664,60.7251438890711,2.365990922637261,10.491920900615758,41.85682469072815,94.09788342638664,279.55227750602785,-1.3699940674453366,3.0,0.42776399596512105,52.24105873565849,0.42776399596512105,False,False,False,False,True,False,False,True,False,False,True
50.0,43.251453479602375,2.501808768424507,63.216118380746416,62.10867240409642,65.19889545747364,220.28186326914656,1.6308497238612816,5.0,0.2881345557227889,3.0902230533772226,0.2881345557227889,False,False,True,False,False,False,True,False,False,False,True
100.0,42.01165353037616,1.426444321988523,5.895475086176862,39.20410154877641,83.91595179926459,239.60107457934475,1.9196547033929288,7.0,0.4908668461241931,44.71185025048818,0.4908668461241931,False,False,False,True,False,True,False,False,False,True,False
100.0,68.18585286511737,3.238212428284869,18.388011513893147,31.45637484180004,93.0964613557908,164.3760222940225,34.02977464098818,4.0,0.35094389458791747,61.64008651399075,0.35094389458791747,True,False,False,False,False,False,False,True,True,False,False
100.0,18.895101661444063,3.2671216940712613,45.48206597304863,71.90308072624399,78.67887870237226,226.5192581737514,20.35876101645039,5.0,0.09639015332533825,6.775797976128274,0.09639015332533825,False,False,False,True,False,True,False,False,False,True,False
